Codigo,Provincia,1-2014,2-2014,3-2014,4-2014,5-2014,6-2014,7-2014,8-2014,9-2014,10-2014,11-2014,12-2014,1-2015,2-2015,3-2015,4-2015,5-2015,6-2015,7-2015,8-2015,9-2015,10-2015,11-2015,12-2015,1-2016,2-2016,3-2016,4-2016,5-2016,6-2016,7-2016,8-2016,9-2016,10-2016,11-2016,12-2016,1-2017,2-2017,3-2017,4-2017,5-2017,6-2017,7-2017,8-2017,9-2017,10-2017,11-2017,12-2017,1-2018,2-2018,3-2018,4-2018,5-2018,6-2018,7-2018,8-2018,9-2018,10-2018,11-2018,12-2018,1-2019,2-2019,3-2019,4-2019,5-2019,6-2019,7-2019,8-2019,9-2019,10-2019,11-2019,12-2019,1-2020,2-2020,3-2020,4-2020,5-2020,6-2020,7-2020,8-2020,9-2020,10-2020,11-2020,12-2020,1-2021,2-2021,3-2021,4-2021,5-2021,6-2021,7-2021,8-2021,9-2021,10-2021,11-2021,12-2021,1-2022,2-2022,3-2022,4-2022,5-2022,6-2022,7-2022,8-2022,9-2022,10-2022,11-2022,12-2022,1-2023,2-2023,3-2023,4-2023,5-2023,6-2023,7-2023,8-2023,9-2023,10-2023,11-2023,12-2023
01,Araba/Álava,92710,92730,92853,93898,93958,94104,93073,93285,93288,94187,94171,93515,91823,91975,92399,93503,94026,94320,93426,93196,92826,93811,94185,93783,91794,91491,91903,92783,93265,93724,92983,93112,92957,94407,94770,95156,94532,94217,94012,95130,95090,95260,94647,94948,94876,95966,96417,96195,94899,94886,95002,95878,96991,97206,96557,96696,96572,97869,97615,96961,95662,96073,96330,97424,97869,97691,97298,97192,96913,98133,98358,98065,96947,96714,96286,96706,96793,97478,96481,96672,96615,97435,97445,97506,97264,96844,97722,99118,99637,100253,99265,99937,100581,102559,102682,104138,103558,104200,107140,107264,108106,110048,109712,110137,109196,109436,109108,109205,109055,109852,110400,111089,110958,111658,111984,112517,112378,112460,112210,111979
02,Albacete,93943,93792,93912,95008,94933,94841,93716,93864,94067,94740,94762,93976,92138,92373,92912,93877,94377,94602,93486,93121,92878,93673,94172,93791,91651,91167,91676,92521,93231,93678,92716,92846,92759,94065,94555,95165,94493,94060,93940,94953,94822,94806,93940,94119,94329,95494,95946,95982,94878,94869,94968,95927,96814,97164,96357,96524,97013,97998,98065,97347,95943,96076,96342,97420,97463,97421,96644,96668,96670,98014,98292,98322,97063,96792,96179,96336,96440,97157,96164,96154,96228,97073,97374,97577,97400,96777,97861,98981,99670,100150,99134,99431,100253,102892,103157,104293,103581,104736,108576,108475,109319,111781,111245,111395,110268,110986,110840,111089,110428,111469,111872,113121,113011,113668,113780,114442,114847,115523,115289,115265
03,Alicante/Alacant,93556,93561,93710,94671,94888,94898,93899,94080,94120,94396,94395,93707,92192,92628,93205,94248,94798,95024,94064,93725,93285,93841,94205,93792,91732,91487,92015,92915,93518,93847,92975,93208,92981,94062,94443,94997,94582,94210,94057,95189,95258,95304,94543,94715,94732,95667,96127,96173,95038,95278,95344,96317,97391,97582,96759,97117,97099,97872,97789,97207,95893,96072,96335,97447,97761,97602,96998,97005,96858,97855,98037,97866,96943,96738,96160,96594,96697,97057,96225,96348,96479,96887,97129,97321,97485,96968,97769,99032,99664,100048,99223,99776,100621,102540,102786,104087,103620,104571,108060,107675,108498,110494,110372,110846,109885,110284,109997,109990,109888,111163,111568,112296,112110,112833,113199,113814,113988,114394,114029,113879
04,Almería,93735,93663,94029,94891,94786,94833,93705,93823,94150,94885,94726,93945,92204,92391,93123,94141,94491,94635,93529,93131,92915,93821,94013,93586,91635,91264,91893,92787,93214,93626,92676,92792,93034,94485,94689,95153,94477,94164,94427,95337,95163,95155,94220,94412,94856,96085,96518,96426,95143,95198,95445,96440,97143,97287,96381,96513,97051,98177,97978,97308,95685,95957,96580,97651,97751,97664,96843,96831,96971,98389,98285,98085,97158,97152,96759,97115,97015,97689,96479,96587,96814,97895,97909,97934,97656,97176,98125,99243,99607,100113,99077,99533,100479,102576,102637,103779,103390,104119,107375,107081,108206,110184,109305,109518,108975,109827,109497,109656,109204,110251,110936,111828,111744,112250,112214,113025,113454,113763,113449,113259
05,Ávila,93756,93378,93548,94358,94464,94516,93359,93438,93533,94356,94080,93375,91294,91341,92013,93017,93612,93938,92733,92178,91858,92892,93157,92869,90682,90167,90786,91622,92201,92700,91656,91588,91769,93356,93449,94115,93697,93426,93171,94125,94126,94096,93097,93180,93450,94838,95103,95099,94206,94137,94199,95122,96116,96538,95666,95687,96192,97525,97132,96406,95396,95595,95854,97091,97410,97188,96415,96139,96213,97769,97661,97573,96791,96514,96042,96051,95958,96554,95612,95630,95764,96678,96655,97103,97217,96485,97552,98758,99407,100132,99485,99732,100578,103136,103217,104301,104087,105109,109266,109570,110523,112731,112540,112185,111515,112490,111930,111994,111637,112527,112971,113910,113833,114751,114693,115259,115527,116016,115330,115420
06,Badajoz,94114,94067,94242,95355,95214,95302,93933,94022,94404,95201,94890,94281,92588,92775,93308,94378,94638,94842,93516,93075,92822,93897,94063,93789,91923,91585,92281,93279,93642,94046,93036,93008,93161,94533,94687,95312,94675,94212,94097,95228,95304,95242,94140,94173,94362,95700,95975,95982,94829,94849,95002,96172,96943,97260,96168,96204,96666,97925,97712,96993,95702,95740,96224,97742,97795,97532,96448,96150,96232,98067,97986,97623,96656,96440,96165,96916,96823,97263,96030,95971,96291,97313,97058,97106,97194,96548,97567,99317,99669,100296,99068,99571,100511,102982,103065,104212,103835,104670,107879,107901,109102,110996,110656,111413,110394,111287,111125,111479,111131,110665,111134,112773,112709,113155,113247,113719,114235,115138,114360,114300
07,"Balears, Illes",92995,92921,93056,93614,93812,94011,93528,93570,93551,93488,93583,93125,91999,92096,92658,93410,93992,94433,94128,93741,93208,93298,93719,93429,91951,91559,92033,92604,93177,93723,93499,93524,93268,93941,94384,94900,94598,94240,94258,95112,95195,95418,95181,95308,95204,95611,96100,96148,95253,95237,95289,96109,97162,97542,97072,97141,97007,97438,97284,96838,95893,95890,96367,97250,97523,97506,97251,97225,97062,97513,97693,97781,96983,96808,96516,96467,96593,96972,96639,96553,96562,96791,97171,97416,97643,97042,98037,98944,99548,100091,99548,99850,100600,102221,102705,103770,103518,104365,107245,106626,107731,109837,109757,110520,109520,109683,109203,109465,109448,110632,110895,111566,111800,112648,113001,113977,113923,113859,113100,113076
08,Barcelona,92260,92257,92403,93317,93426,93489,92707,92870,92769,93100,93132,92839,91646,91769,92338,93201,93673,93908,93150,92908,92493,92998,93271,93189,91715,91459,91959,92607,93123,93547,92959,93117,92927,93870,94216,94990,94424,94136,94139,95112,95056,95184,94734,94979,94926,95606,95972,96176,95289,95455,95602,96245,97143,97367,96796,96957,96977,97827,97725,97528,96334,96568,96901,97899,98117,98225,97655,97678,97422,98193,98315,98452,97438,97357,96971,97418,97394,97806,96963,96984,97048,97303,97490,97897,97945,97306,98133,99171,99648,100103,99435,99815,100423,102051,102373,103598,103353,104193,107032,106703,107410,109281,109173,109517,108611,108688,108642,108764,108674,109833,110412,110885,110940,111515,111890,112381,112305,112480,112094,112280
09,Burgos,93565,93439,93752,94475,94406,94412,93605,93670,94278,94690,94565,93992,92161,92192,92873,93807,94221,94468,93758,93354,93405,93901,94241,93880,91787,91374,92087,92561,93025,93449,92757,92919,93436,94606,94850,95356,94801,94488,94512,95170,95096,94990,94294,94444,94906,95871,96315,96214,95098,95157,95314,96060,96919,97187,96497,96581,97280,98128,97860,97355,96296,96418,96927,97638,97661,97641,97187,96850,97147,97953,98297,98095,97052,96836,96468,96602,96687,96955,96258,96259,96826,97243,97424,97470,97456,96711,97706,98825,99335,99886,99313,99688,100742,102792,103004,104542,103725,104631,108033,107760,108440,110604,110431,110715,110160,110364,110249,110428,109781,110537,110999,111443,111625,112489,112695,113266,113394,113960,113550,113788
10,Cáceres,93607,93552,93810,94767,94588,94515,93499,93618,94023,94641,94498,93995,92384,92482,93022,93914,94221,94458,93422,93029,92926,93801,94221,94081,92091,91792,92388,93114,93513,93832,92957,92898,93024,94289,94652,95231,94522,94210,94084,94957,95092,95127,94120,94190,94573,95668,96125,96116,94830,94970,95131,96028,96865,97057,96057,96243,96728,97761,97745,97164,95787,95997,96202,97382,97400,97318,96272,96288,96505,97907,98057,97836,96829,96726,96188,96896,96842,97229,96171,96380,96660,97689,97615,97513,97452,96805,97858,99200,99504,100077,98985,99543,100669,102910,102917,104080,103294,104159,107513,107807,108641,110704,109974,110418,109423,110111,109842,110016,109351,110161,110411,110748,111116,111665,111413,111881,112129,112742,112434,112535
11,Cádiz,94494,94370,94607,95573,95450,95258,94314,94531,94822,95327,95261,94643,93252,93473,94029,94987,95354,95475,94637,94400,94167,94880,95077,94750,93174,92823,93412,94202,94640,94900,94245,94455,94513,95562,95772,96175,95654,95363,95550,96496,96390,96267,95574,95837,96046,96866,97213,97017,96020,96082,96196,97045,97710,97844,97049,97287,97512,98482,98035,97556,96232,96524,96837,97916,98022,97767,97035,97125,97284,98349,98143,97895,96942,96919,96785,97481,97415,97816,96762,96909,96908,97673,97689,97622,97669,97161,98050,99483,99557,100038,99153,99734,100482,102341,102674,103659,103212,104168,106816,107284,108214,110120,109861,110395,109845,110376,110326,110590,110298,111596,112073,112886,112654,113181,113434,114164,114179,114784,114196,114063
12,Castellón/Castelló,93867,93795,93986,95023,94901,94774,93895,94041,94333,94568,94475,93652,92169,92414,93115,94120,94467,94679,93754,93443,93209,93731,94022,93625,91596,91290,91962,92844,93265,93597,92833,92928,92979,94097,94343,94885,94512,94013,93964,94899,94981,94863,94146,94348,94552,95611,95964,95876,94846,94977,94975,95989,96929,97166,96433,96621,96856,97809,97474,96874,95568,95766,96223,97258,97513,97259,96787,96733,96756,97817,97971,97779,96977,96909,96268,96581,96557,96867,96174,96328,96512,96992,97336,97399,97366,96666,97575,99055,99436,100057,99214,99698,100633,102714,103116,104470,104215,105289,109181,108279,109244,111578,111099,111326,110639,111010,110684,110990,110845,112237,112706,113033,112849,113676,113868,114782,114997,115246,114825,114620
13,Ciudad Real,93939,93862,94124,95249,95287,95343,93830,93857,94120,94930,94917,94115,92212,92395,93112,94166,94681,94888,93373,92921,92632,93806,94193,93779,91442,91024,91788,92692,93253,93753,92433,92526,92704,94303,94802,95332,94572,94131,94199,95060,94862,94920,93755,93904,94168,95638,96178,96202,94929,94904,95000,96120,97045,97351,96124,96269,96670,98113,98052,97243,95581,95760,96450,97607,97810,97581,96373,96187,96286,98181,98322,97950,96819,96701,96188,96274,96169,96794,95446,95442,95802,96870,97023,97205,97141,96420,97753,99042,99726,100273,99140,99351,100351,103044,103235,104524,104082,105124,109156,109239,110199,113050,112595,112159,111306,111900,111563,111323,110934,112230,112724,113243,113243,113846,114104,114420,114798,115330,115162,115224
14,Córdoba,93271,93255,93453,94545,94627,94521,93305,93399,93691,94347,94358,93736,92089,92248,92710,93816,94422,94616,93339,92887,92648,93505,93971,93598,91545,91126,91781,92791,93333,93805,92723,92754,92709,94092,94536,95092,94617,94226,94248,95314,95217,95112,94059,94184,94568,95735,96203,96149,94766,94921,95024,96103,97045,97270,96136,96176,96515,97666,97753,97083,95615,95832,96269,97368,97759,97271,96265,96134,96415,97711,97796,97349,96537,96628,96168,96638,96834,97133,95812,95674,96067,96942,97184,97075,97075,96340,97524,99147,99734,100052,98936,99534,100529,103050,103331,104746,104016,104738,108191,108316,109091,111222,110470,110646,109687,110936,110196,110223,109851,110972,111451,112418,112488,112914,112911,113624,113925,115052,114446,114345
15,"Coruña, A",93259,93167,93365,94136,94290,94364,93385,93543,93817,94318,94317,93671,92087,92128,92687,93493,94004,94326,93413,93107,92920,93555,94026,93630,91606,91051,91607,92312,92899,93388,92575,92806,93011,94224,94615,95145,94528,94148,94172,94938,94964,94944,94237,94527,94720,95644,96381,96250,95040,95068,95183,96050,96833,97147,96358,96534,96768,97806,97717,97186,95753,95981,96456,97339,97638,97384,96873,96665,96622,97684,97930,97807,96738,96665,96190,96538,96636,97214,96198,96482,96458,97131,97256,97554,97366,96970,97891,99006,99592,100148,99387,99935,100644,102385,102798,103876,103781,104350,107637,107414,108422,110591,110163,110296,109328,109891,109871,110023,109762,110496,111179,111951,111775,112406,112481,113423,113561,113906,113683,113715
16,Cuenca,93701,93432,93565,94691,94522,94604,93429,93467,93829,94597,94382,93655,91636,91822,92476,93630,93989,94239,93033,92544,92429,93425,93770,93411,91243,90671,91241,92322,92751,93268,92196,92256,92352,93807,94154,94842,94101,93775,93678,94686,94248,94348,93420,93657,94060,95349,95830,95905,94749,94669,94637,95683,96761,97025,96012,96092,96523,97793,97649,96959,95278,95494,95978,97344,97463,97385,96535,96491,96777,98177,98333,98209,97116,96846,96015,96107,96012,96735,95801,95684,95954,96883,97060,97265,97086,96696,97631,98984,99420,100030,99020,99468,100563,103132,103480,104490,104156,105206,109021,109199,110268,112680,112176,111825,111322,111948,111624,111590,111179,112159,112656,113021,113072,113596,113813,114453,114995,115304,114894,114842
17,Girona,93017,93111,93198,93822,93723,93838,93236,93437,93444,93887,93612,92996,91458,91778,92387,93208,93589,93883,93276,92923,92569,93125,93375,93152,91312,91067,91573,92260,92725,93214,92707,92917,92818,93904,94145,94880,94419,94273,94191,94937,94925,94933,94589,94855,95017,95912,96098,96186,95375,95632,95584,96328,97203,97555,97063,97164,97354,98255,97968,97507,96050,96562,96872,97826,98086,97848,97502,97565,97488,98366,98396,98352,97424,97445,96734,96558,96450,96874,96444,96544,96381,96653,96935,97311,97386,97145,97937,99010,99407,99921,99443,99826,100637,102455,102849,103983,104003,104906,108085,107753,108814,111060,111104,111049,110155,110328,110224,109967,110268,110968,111465,111955,111857,112632,112820,113626,113769,113657,113527,113478
18,Granada,93636,93552,94107,95116,94960,94938,93631,93798,94266,94739,94508,93895,92121,92494,93242,94206,94606,94851,93558,93265,93424,93989,94175,93934,91761,91594,92469,93226,93716,94138,93053,93147,93405,94495,94692,95258,94267,93939,94206,95269,95231,95215,94232,94484,95038,96075,96519,96528,95004,95235,95636,96551,97372,97736,96635,96748,97435,98412,98125,97699,95955,96166,96839,97879,98117,97865,96922,96831,97262,98279,98267,98128,96806,96797,96679,97058,97110,97697,96573,96594,97098,97733,97573,97763,97270,96818,97953,99224,99680,100208,99077,99541,100761,102662,102773,104032,103115,104136,107561,107497,108374,110817,110105,110242,109702,110432,110523,110660,109806,110913,111472,112395,112399,112977,112815,113409,113761,114530,114077,114170
19,Guadalajara,94000,93845,94116,94869,94737,94914,94158,94262,94362,94821,94698,94067,92475,92648,93284,93925,94339,94641,93870,93404,93198,93805,94108,93800,92234,91798,92428,92947,93427,93976,93185,93332,93298,94353,94561,95196,94792,94559,94576,95347,95130,95377,94679,94838,95095,96045,96397,96458,95715,95663,95658,96296,97064,97391,96681,96725,96998,98030,97838,97142,96128,96424,96935,97779,97768,97670,97074,96928,96937,97962,97867,97730,97170,97006,96402,96529,96498,97225,96378,96324,96047,96631,96584,96715,97174,96655,97922,98866,99250,99862,99352,99861,100840,102969,103031,104219,104335,105287,108911,108540,109631,112187,111902,111774,111158,112047,111588,111562,111634,112992,113302,113863,113493,114202,114708,115073,115133,115703,114885,115096
20,Gipuzkoa,92072,92096,92412,93210,93109,93252,92495,92665,93052,93782,93536,92861,91308,91448,92100,92973,93345,93562,92875,92601,92663,93470,93595,93275,91569,91096,91751,92270,92547,93035,92460,92624,92803,94053,94150,94509,94012,93450,93691,94513,94304,94243,93963,94192,94555,95505,95639,95631,94597,94645,94927,95689,96375,96627,96274,96371,96620,97643,97308,96649,95697,96054,96530,97390,97647,97503,97055,97045,97247,98280,98157,97836,96968,96779,96690,96917,96967,97356,96595,96639,96881,97560,97538,97410,97415,97049,98055,99270,99446,100194,99367,99847,100866,102444,102452,103594,103048,103944,106729,106415,107307,109155,109336,109982,109005,109311,109146,109161,109092,110048,110648,111389,111322,112065,112638,113155,113081,113580,112968,112740
21,Huelva,93800,93873,94291,95122,95109,95096,93883,93995,94286,94874,94760,94091,92439,92709,93524,94407,94856,95011,93799,93408,93185,93948,94370,93916,91999,91598,92577,93179,93712,94055,93118,93294,93571,94915,95095,95651,95007,94732,94742,95534,95572,95587,94579,94788,95089,96243,96571,96468,95279,95344,95566,96343,97199,97457,96372,96682,97125,98276,98077,97390,95867,96198,96789,97619,97900,97669,96610,96698,96775,98158,98263,97935,96895,96739,96799,96972,96978,97391,96419,96543,96630,97575,97363,97631,97416,96612,97730,99107,99429,100046,99144,99689,100802,102787,102856,104382,103913,104769,108112,108137,109122,110981,110689,111045,110278,111039,110885,111529,111017,112177,112432,113346,113054,113553,113760,114445,114678,115356,114764,114903
22,Huesca,93777,93738,93853,94595,94622,94730,93803,93991,94208,94489,94330,93581,91917,92151,92885,93766,94230,94522,93639,93230,93001,93538,93905,93523,91719,91339,91963,92476,93099,93451,92613,92718,93175,94393,94547,95111,94683,94520,94196,94952,94815,95009,94205,94372,94740,95802,96251,96188,95343,95460,95345,96088,97081,97449,96676,96667,97271,98186,97939,97266,96144,96481,96648,97815,97708,97490,96820,96921,97143,97914,98002,97923,96923,96667,96128,95771,95865,96622,95641,95791,96059,96628,96684,96794,96815,96431,97494,98610,99325,100095,99432,99855,101010,103081,103441,104412,104386,105568,109414,108806,109525,112234,111581,111492,110900,111292,110912,110789,110674,111776,112040,112410,112470,112964,113293,114042,114197,114337,114231,114034
23,Jaén,93859,93785,93968,95107,95221,95238,93825,93982,94163,94603,95000,94453,92499,92705,93143,94397,94937,95220,93710,93481,93133,93720,94537,94186,92119,91697,92292,93325,93884,94288,92965,93093,93150,94243,95102,95590,94832,94535,94484,95585,95640,95608,94460,94572,94752,95804,96699,96742,95254,95350,95382,96506,97460,97717,96472,96625,96860,97701,97989,97516,95823,95997,96214,97493,97813,97457,96385,96274,96350,97404,97895,97868,96697,96675,96163,96666,96826,97326,96186,96266,96375,97246,97582,97628,97358,96631,97717,99123,99723,100184,99063,99534,100485,102551,103115,104515,103689,104497,107904,107863,109219,111145,110516,110923,110189,110984,110729,110809,110148,111313,111849,112617,112560,113050,113086,113532,113914,114412,114033,113948
24,León,93205,93173,93269,93985,94094,94125,93048,93227,93665,94133,94034,93270,91148,91312,91916,92710,93285,93580,92531,92142,91967,92628,93014,92629,90308,899000,90582,91239,91852,92380,91645,91841,92353,93447,93896,94450,93833,93578,93443,94202,94348,94293,93406,93667,94102,95089,95691,95649,94536,94489,94582,95489,96510,96876,96018,96126,96660,97410,97261,96633,95648,95883,96221,97109,97681,97294,96602,96507,96742,97689,97854,97683,96586,96232,95598,95674,95588,96023,95291,95538,95846,96297,96778,96929,97054,96374,97387,98693,99531,100060,99333,99753,100768,102870,103483,104694,104571,105672,109523,109583,110705,113135,112905,112846,112323,112600,112708,112673,112130,113223,113502,114122,114276,114657,114696,115417,115808,115879,115837,115794
25,Lleida,92016,92159,92446,93227,93341,93317,92272,92429,92687,92969,92889,92343,90608,90895,91749,92505,93188,93449,92402,92039,91788,92286,92624,92409,90372,90039,90705,91434,92126,92660,91716,91870,92034,93051,93473,94143,93538,93344,93363,94071,94122,94250,93484,93724,93989,94806,95248,95283,94222,94423,94553,95261,96400,96778,95959,96125,96517,97538,97399,96723,95242,95589,96132,97257,97587,97514,96791,96848,96634,97797,98109,97890,96816,96872,96269,96241,96420,96958,95992,96086,96188,96512,96912,97136,97066,96820,97743,98968,99607,100185,99397,99710,100671,102482,103142,104208,103910,105041,108523,108076,109178,111717,111761,111878,110726,111214,111098,110827,110706,112063,112445,112894,112971,113762,114007,114545,114624,114885,114501,114654
26,"Rioja, La",93127,93138,93215,94476,94608,94776,93454,93640,93931,94569,94682,94195,92046,92345,92712,93982,94547,95000,93629,93378,93083,93883,94540,94251,91895,91607,91976,92913,93549,94076,92715,92980,92926,94169,94928,95701,94765,94375,94099,95379,95504,95536,94260,94397,94466,95683,96280,96291,94997,95224,95087,96184,97210,97498,96428,96499,96525,97644,97812,97408,96050,96314,96330,97824,98264,98211,97144,97058,96912,98028,98451,98426,97070,96855,96352,96940,97138,97543,96144,96383,96238,96871,97211,97604,97338,96689,97489,99179,99687,100289,99157,99784,100421,102595,102930,104444,103721,104567,107798,107918,108881,110878,110745,111164,110167,110427,110298,110505,110148,111380,111718,112369,112191,112728,113119,113663,113641,113995,113794,113884
27,Lugo,93463,93294,93367,94392,94497,94628,93298,93503,93711,94705,94615,93976,91910,92030,92622,93729,94206,94511,93255,92973,92724,93925,94291,94007,91735,91229,91742,92798,93369,93838,92668,92749,92893,94655,94907,95474,94568,94223,94166,95265,95237,95230,94293,94553,94607,96114,96613,96662,95196,95132,95209,96260,97158,97491,96527,96737,96930,98264,98155,97552,95852,96027,96288,97541,97826,97754,96971,96719,96686,98082,98284,98196,97143,96696,96006,96399,96583,97235,96127,96209,96163,97269,97521,97801,97156,96689,97460,98858,99604,100412,99512,99921,100448,102707,103137,104097,103917,104379,107927,108302,109628,112085,111168,111176,110105,110790,111326,111320,110679,111538,111825,112631,112588,113418,113518,114252,114306,114898,114543,114659
28,Madrid,93720,93703,93880,94500,94515,94572,93966,94139,94246,94571,94298,93812,92548,92818,93373,94023,94430,94657,93951,93684,93424,93845,94076,93827,92322,92107,92619,93029,93440,93869,93425,93475,93453,94285,94575,95104,94769,94456,94357,95315,95098,95224,94659,94802,95151,95738,96031,96213,95401,95491,95636,96264,97008,97208,96744,96750,97172,97954,97848,97579,96620,96912,97171,97950,98031,97878,97525,97398,97564,98289,98433,98424,97528,97471,97279,97472,97334,97793,96897,96867,97101,97245,97383,97684,97889,97330,98177,99099,99400,99855,99385,99746,100628,102201,102559,103732,103404,104033,106979,106760,107637,109314,108939,108985,108495,108627,108524,108858,108872,109446,109811,110398,110205,110841,111087,111479,111999,112149,111757,111826
29,Málaga,92091,92014,92606,93312,93473,93389,92379,92571,92955,93313,93395,92632,91052,91337,92060,92800,93404,93583,92579,92229,92173,92650,93158,92718,90909,90571,91309,91916,92561,92894,92076,92179,92448,93490,93960,94334,93820,93514,93588,94417,94544,94412,93626,93815,94342,95334,95940,95739,94513,94763,94937,95746,96699,96794,95934,96078,96551,97353,97401,96901,95467,95860,96348,97202,97567,97307,96593,96504,96708,97609,97915,97650,96723,96653,96422,96644,96656,97040,96071,96082,96536,97149,97281,97339,97510,96911,97981,99113,99766,100105,99072,99580,100724,102507,102687,104046,103463,104292,107853,107590,108533,110726,110358,110676,110183,110718,110274,110414,110422,111822,112136,112972,113004,113587,113341,114077,114485,115255,114586,114609
30,Murcia,94368,94326,94461,95718,95649,95661,94477,94573,94654,95295,95392,94694,92863,93187,93739,94948,95392,95560,94478,94054,93742,94591,95101,94615,92697,92395,93013,93899,94486,94812,93883,94044,93846,95147,95571,96111,95452,95092,94914,96103,95981,95817,94755,94954,94884,96038,96688,96671,95471,95646,95724,96761,97535,97866,96815,96969,96974,98085,98069,97495,96085,96260,96630,97864,97986,97906,96969,96973,96879,97978,98434,98177,97225,97149,96630,97140,97107,97552,96453,96514,96469,97448,97693,97766,97648,97117,97961,99383,99806,100062,99027,99580,100197,102377,102914,103929,103725,104558,107735,107578,108990,111000,110316,110530,109704,110498,110574,110528,110305,111482,111781,112512,112376,113011,113161,113794,114009,114348,113892,113818
31,Navarra,92981,92939,93189,93981,94141,94305,93606,93433,93677,93970,94208,93560,91654,91847,92614,93365,93926,94192,93497,92790,92567,93051,93752,93508,91586,91210,91960,92464,93162,93577,93206,93071,93114,93962,94576,95156,94258,93898,93864,94624,94596,94587,94298,94045,94123,94950,95704,95700,94579,94632,94821,95452,96618,96925,96597,96266,96420,97282,97440,96988,95803,96112,96389,97495,97830,97872,97586,97117,97065,97772,98310,98215,96973,96705,96107,96481,96587,97210,96301,96275,96388,96815,97317,97601,97370,96962,97879,99100,99739,100304,99506,99745,100348,102196,102821,104029,103508,104468,107430,107759,108226,110542,110804,110717,110225,110806,110599,110699,110135,111051,111188,112316,112173,112788,113484,113859,113981,114339,114002,113927
32,Ourense,94118,93891,94136,95071,95035,95094,93973,94082,94428,95168,94964,94183,92505,92461,93137,94136,94521,94737,93697,93357,93142,93979,94276,93850,91949,91366,91995,92868,93304,93825,92871,92988,93297,94828,95052,95488,94961,94499,94559,95501,95390,95377,94447,94647,94867,96103,96472,96388,95269,95095,95176,96259,96926,97192,96493,96560,96978,98109,97921,97182,95875,95822,96237,97280,97529,97422,96659,96363,96451,97908,98050,97731,96953,96380,95994,96397,96233,96769,95942,95894,96205,97148,97253,97333,97237,96436,97487,99001,99519,99990,99356,100011,100778,102829,103136,104220,103847,104559,108130,108612,109757,111318,111012,111323,110553,111513,111307,111423,110766,111772,112053,113081,112949,113582,113818,114564,114470,115173,115040,114889
33,Asturias,94168,94101,94209,95218,95271,95263,94147,94342,94403,94988,95259,94621,92794,92957,93457,94460,94935,95140,94135,93827,93509,94133,94865,94475,92471,92128,92637,93414,94051,94569,93686,93946,93886,95080,95595,95999,95228,94947,94795,95817,95578,95644,94908,95316,95295,96239,96910,96862,95556,95632,95622,96503,97482,97796,97150,97433,97337,98241,98448,97953,96385,96645,96855,97808,98190,98125,97446,97374,96992,98001,98480,98339,97246,96990,96561,96886,96958,97293,96571,96788,96733,97219,97696,97766,97593,96931,98014,99272,99555,100103,99161,99893,100501,102356,102768,103853,103364,104182,107294,107518,108386,110444,110155,110465,109564,109949,109652,109896,109649,110521,111106,111777,111533,112180,112417,113340,113045,113338,112885,113134
34,Palencia,93895,93749,93991,94617,94736,94939,94119,94258,94731,95188,95020,94477,92545,92648,93305,93946,94403,94750,93806,93413,93334,93965,94240,94052,91948,91518,92322,92739,93312,93706,92993,93190,93474,94709,94835,95437,94754,94439,94449,95152,95046,95112,94450,94600,94969,95897,96353,96404,95390,95281,95567,96196,97074,97402,96533,96752,97249,98302,98026,97418,96082,96245,96744,97829,97920,97670,97142,97171,97313,98356,98314,98224,97255,97079,96569,96757,96712,97269,96310,96358,96736,97348,97147,97458,97419,96930,97808,98843,99475,99937,99374,99730,100652,102773,102854,104206,103735,104608,107721,107720,108667,111002,110600,110911,110311,110528,110539,110621,110281,111255,111616,112121,112423,112971,113086,113697,113790,114101,113753,113632
35,"Palmas, Las",94750,94736,95153,95741,95598,95608,94809,94809,94976,95315,95187,94887,93643,93446,94253,94817,95000,95394,94673,94540,94190,94652,94755,94657,93044,92849,93402,93909,94230,94677,94148,94194,94338,95160,95372,95694,95066,94721,95128,95839,96031,96217,95419,95341,95476,96232,96625,96617,95683,96118,96198,96856,97559,97911,96936,97240,97455,98118,98275,98148,96922,96984,97040,97661,97494,97717,96875,97112,97325,97747,98043,98370,97875,98002,98040,98587,98482,98802,97861,97656,97789,98241,98212,98215,97828,97264,97946,99336,99618,100116,99299,99779,100641,102116,102341,103718,103157,103896,106309,106251,106942,108579,109031,109848,109187,109567,109876,110098,109716,111100,111108,111988,111921,112415,112176,112850,113077,113917,113688,113752
36,Pontevedra,92814,92871,93111,93905,94070,94228,93054,93253,93451,94183,94257,93480,91511,91700,92280,93089,93544,93834,92776,92426,92227,93021,93515,93197,91053,90654,91356,92007,92569,93039,92156,92309,92557,93778,94164,94671,93864,93576,93599,94452,94491,94502,93670,93948,94190,95222,95928,95806,94497,94515,94682,95678,96538,96783,95986,96237,96586,97548,97653,96910,95441,95656,96128,97078,97319,97174,96451,96396,96353,97489,97954,97836,96728,96417,95947,96082,96130,96574,95795,95909,96068,96714,97232,97378,96959,96567,97556,98963,99480,100142,99377,100023,100881,102595,103192,104267,103656,104716,108227,108271,109615,111825,111365,111477,110674,111074,111315,111277,110961,111854,111997,112636,112700,113383,113469,114357,114676,114971,114757,114834
37,Salamanca,94267,94051,94253,94774,95012,95104,94127,94234,94676,94799,94922,94317,92347,92403,92974,93624,94212,94593,93630,93231,92988,93352,94051,93809,91762,91228,91931,92326,92893,93363,92639,92707,93006,93943,94498,95167,94722,94426,94184,94754,94844,94904,94090,94231,94550,95263,95858,95934,94958,94929,94938,95700,96764,97206,96475,96546,97076,97833,97855,97338,96160,96146,96437,97616,97898,97622,97061,96574,97053,97682,97849,98143,97208,97171,96533,96457,96561,97112,96247,96251,96354,96669,97057,97576,97610,96872,97778,98665,99382,100172,99385,99501,100469,102446,103109,104609,103422,104361,107683,107071,108547,110853,109971,109965,109356,109479,110626,110895,110100,111118,111274,112074,112535,113052,112800,113629,113530,113887,114172,114199
38,Santa Cruz de Tenerife,94276,94293,94518,95019,94815,94853,94096,94101,94108,94407,94426,94097,92765,92709,93303,93984,94266,94442,93651,93318,92984,93438,93715,93600,92020,91788,92417,93018,93382,93760,93258,93280,93295,94146,94530,95041,94602,94542,94692,95418,95376,95471,94904,94829,94912,95756,96345,96252,95435,95783,95882,96503,97146,97322,96458,96601,96738,97581,97764,97448,96120,96164,96596,97517,97587,97512,96879,96655,96932,97697,97910,98075,97367,97365,97222,97338,97391,97938,97189,97150,97099,97802,97805,97946,97787,97356,98184,99008,99524,99738,99225,99762,100501,102277,102805,103832,103200,104007,106332,106157,106791,108273,108107,108661,108442,109171,109424,109493,109571,110861,111262,112151,112254,113038,112980,113455,113918,114331,114093,114249
39,Cantabria,93912,93690,93719,94460,94529,94558,93958,94113,94109,94472,94717,94072,92330,92276,92835,93496,94111,94427,93819,93321,92805,93342,94063,93727,91962,91317,91805,92254,92895,93409,93067,93073,92951,94059,94674,95152,94768,94206,94054,94625,94700,94699,94295,94702,94662,95459,96256,96288,95161,95134,95154,95784,96736,97103,96634,96968,96741,97724,97824,97276,96024,96143,96364,97260,97679,97488,97018,97232,96819,97752,98223,98194,97087,96882,96340,96583,96628,97003,96624,96679,96401,96972,97315,97657,97567,96829,97768,98785,99270,100022,99503,100110,100747,102287,102850,104261,103635,104313,107727,107210,107995,110033,109929,110177,109145,109523,109757,109755,109562,110674,111171,111857,111826,112561,112825,113675,113648,113760,113503,113345
40,Segovia,92837,92651,92665,93573,93720,93728,92687,92941,93110,93623,93636,93025,91180,91309,91931,92878,93517,93853,92848,92525,92109,92825,93408,93123,91145,90679,91242,91875,92583,93041,92309,92451,92519,93703,94140,94788,94090,93897,93472,94466,94578,94576,93872,94136,94216,95356,95889,95944,94814,94728,94626,95366,96463,96750,96006,96168,96507,97518,97364,96786,95593,95722,95872,96990,97392,97153,96611,96544,96495,97419,97849,97727,96739,96511,95830,96183,96384,96819,96027,95904,96089,96741,97074,97222,97500,96731,97499,98875,99592,100096,99301,99632,100575,102694,103159,104345,104129,104855,108121,108124,109219,111373,111231,111130,110308,110782,110944,110962,110525,111373,111742,112436,112611,113279,113428,114124,114204,114508,114049,114260
41,Sevilla,93857,93945,94195,94975,94831,94742,93789,93900,94183,94655,94427,93938,92515,92804,93223,94152,94557,94737,93884,93630,93380,94009,94314,93986,92229,91932,92620,93283,93756,94117,93505,93648,93719,94787,95059,95573,95038,94551,94507,95380,95437,95353,94723,94926,95081,95956,96372,96474,95401,95654,95632,96505,97355,97486,96701,96879,97235,97911,97707,97430,96182,96487,96798,97673,97773,97659,97025,96955,97115,97949,98111,97940,97089,97050,96694,97073,97155,97364,96375,96590,96665,97398,97386,97512,97635,97009,98039,99205,99667,99955,99116,99742,100570,102545,102589,103929,103624,104610,107599,107459,108341,110216,110028,110644,109872,110148,110165,110433,109972,111289,111759,112290,112339,112722,112674,113364,113759,114427,113941,113772
42,Soria,92837,92732,92796,93543,93569,93634,92814,93044,93465,93737,93581,93087,91028,91252,91972,92690,93043,93414,92699,92384,92196,92952,93250,92908,90630,90216,90990,91484,91877,92430,92035,92279,92498,93706,93891,94553,93822,93513,93414,94241,93976,94077,93477,93744,93977,95090,95413,95585,94426,94468,94657,95387,96233,96659,96147,96303,96755,97745,97394,96991,95582,95786,96182,97193,97327,97150,96936,96859,97248,98154,97928,97924,96821,96547,96176,96090,95788,96449,95874,95892,95965,96949,96911,97265,97243,96503,97815,98793,99142,99791,99452,99861,100751,102984,103196,104469,104007,104495,108145,107895,108765,111261,111377,111632,110682,111219,110646,110603,110138,111233,111625,111872,111983,112918,113426,114164,114355,114160,113595,113769
43,Tarragona,93858,93927,94051,94740,94587,94662,94195,94224,94207,94434,94081,93583,92280,92541,93220,93962,94261,94649,94174,93737,93207,93586,93717,93455,91802,91515,92092,92590,92998,93589,93359,93365,93374,94319,94467,95194,95091,94734,94708,95297,95038,95050,94901,95123,95071,95856,96147,96291,95483,95750,95763,96467,97353,97676,97384,97550,97576,98390,98013,97528,96371,96603,96872,97801,97951,97831,97563,97454,97167,97947,97908,97992,97276,97198,96552,96352,96198,96641,96291,96367,96672,96757,96855,97266,97594,97050,98034,99012,99513,99862,99488,99793,100535,102406,102672,104041,104082,104873,108373,107776,108505,110867,110515,110766,109903,109728,109637,109749,109539,110649,110673,111563,111545,112200,112664,113267,113346,113429,112572,112604
44,Teruel,93907,93804,93994,94980,94955,94946,93774,93990,94279,94770,94784,94125,91966,92153,92977,94083,94525,94846,93695,93333,93250,93907,94373,94048,91883,91491,92133,92875,93432,93869,92844,92916,93313,94732,95007,95618,94743,94613,94567,95272,95291,95315,94357,94475,94851,96035,96447,96470,95173,95355,95549,96330,97197,97369,96421,96604,97193,98222,98149,97585,95937,96303,96618,97624,97770,97927,97044,96848,97020,98392,98515,98487,97196,97139,96515,96675,96701,97231,96117,96290,96721,97721,97562,97541,97142,96832,97875,98923,99589,100068,99231,99603,100499,102919,103137,104180,103652,104822,108466,108547,109620,112023,111372,111097,110701,111931,111526,111637,110807,111501,111701,112566,112782,113454,113518,113780,114042,114794,114741,114608
45,Toledo,93546,93379,93619,94309,94181,94115,93120,93251,93766,94356,94002,93300,91539,91737,92468,93103,93633,93848,92836,92373,92225,92999,93252,92894,90858,90336,91069,91529,92041,92580,91947,92032,92415,93576,93770,94477,94061,93754,93646,94280,94160,94222,93589,93759,94155,95225,95584,95686,94774,94687,94881,95638,96583,96879,96182,96219,96837,97891,97579,96860,95410,95788,96206,97123,97282,97055,96556,96239,96545,97817,97860,97826,96952,96616,96027,95968,95737,96396,95522,95574,95861,96567,96427,96810,96976,96290,97506,98613,99340,99881,99422,99761,100922,103139,103362,104788,104608,105593,109796,109909,110633,113330,113013,112999,111912,112619,112305,112259,112169,113322,113811,114185,113999,114716,114716,115470,115823,116457,116008,116018
46,Valencia/València,93570,93427,93612,94553,94585,94510,93506,93736,93763,94215,94192,93667,92407,92566,93107,94104,94547,94821,93880,93610,93195,93834,94163,93961,92042,91706,92229,92929,93536,93988,93307,93469,93180,94239,94586,95144,94772,94243,94222,95150,95180,95250,94603,94823,94787,95681,96162,96195,95145,95309,95386,96190,97125,97494,96753,96998,97115,97972,97788,97364,96232,96327,96705,97779,97945,97741,96996,97039,96862,97914,97997,97966,97016,96768,96379,96769,96838,97276,96529,96417,96591,97142,97373,97524,97515,96953,98067,99229,99792,100100,99215,99597,100486,102404,102631,104010,103396,104333,107558,107153,107931,109869,109607,110113,109186,109415,109070,109443,108970,110295,110638,111233,111147,111884,112009,112728,112791,112978,112692,112860
47,Valladolid,93498,93451,93566,94419,94369,94419,93600,93776,93925,94408,94261,93725,92084,92216,92684,93591,94012,94405,93509,93192,92837,93512,93809,93538,91564,91175,91791,92396,92946,93448,92774,92896,92899,94260,94416,94939,94585,94318,94163,95045,94890,94997,94391,94589,94637,95728,96021,96016,95082,95197,95147,95928,96766,97113,96403,96581,96895,98112,97720,97159,96186,96319,96691,97804,97776,97766,97186,97195,97129,98408,98305,98239,97302,97103,96555,96856,96772,97264,96456,96479,96531,97211,97093,97299,97509,96756,97665,99001,99348,100014,99466,99854,100770,102726,102789,104103,103810,104716,108138,108500,109250,111458,111356,111602,110576,111112,110723,110852,110364,111495,111670,112360,112194,112770,112780,113328,113457,114086,113459,113537
48,Bizkaia,92529,92402,92640,93555,93525,93561,92738,92900,93057,93603,93713,93118,91482,91619,92194,92918,93340,93680,92836,92616,92453,93128,93563,93328,91478,91087,91773,92372,92762,93240,92567,92739,92793,93886,94392,94885,94296,93938,94045,94844,94754,94687,94148,94397,94441,95382,95848,95850,94639,94807,95058,95783,96577,96783,96258,96425,96522,97453,97283,96770,95492,95962,96348,97312,97435,97488,96960,97030,96902,97855,98081,97853,96847,96767,96524,96852,96875,97359,96378,96646,96925,97571,97641,97778,97659,97039,97919,99231,99632,100151,99194,99738,100579,102380,102589,103891,103531,104296,107680,107211,108038,110138,109915,110156,109437,109647,109340,109617,109282,110459,111128,111660,111744,112665,112700,113205,113485,113534,113198,113152
49,Zamora,93284,93234,93511,94390,94414,94352,93307,93525,93818,94628,94545,94010,91863,91979,92430,93490,93979,94328,93392,93110,92890,93800,94166,93954,91648,91332,91946,92640,93163,93496,92710,92870,92962,94352,94592,95140,94389,94052,93896,94871,94829,94802,93936,94043,94121,95400,95874,95856,94588,94645,94637,95615,96569,96875,96017,96313,96548,97726,97548,97046,95583,95731,96302,97448,97720,97472,96773,96595,96589,97791,98059,97838,96707,96579,96133,96716,96640,97149,95977,96085,96383,97255,97398,97477,97303,96683,97703,98987,99666,99777,99181,99686,100639,102933,103151,104292,103890,105039,108330,108391,109089,111674,111116,111547,110817,111346,111497,111655,111297,112632,113086,113937,113791,114536,114620,115011,115115,115517,114885,115055
50,Zaragoza,93588,93570,93708,94676,94661,94614,93792,93965,93913,94543,94469,93790,92225,92421,93011,93881,94262,94507,93513,93323,92907,93763,94074,93696,92061,91743,92269,92740,93278,93644,92911,93105,93084,94410,94605,95133,94584,94245,94183,94939,94857,94863,94126,94343,94459,95677,96035,95917,94971,95183,95238,95963,96836,96990,96320,96453,96593,97638,97584,97068,95968,96160,96413,97430,97636,97465,96833,96953,96824,97815,97929,97817,96912,96805,96285,96432,96494,96980,96279,96395,96418,97118,97259,97341,97550,96721,97826,98869,99539,100013,99231,99823,100513,102656,103003,104256,103768,104741,107992,107883,108458,110606,110291,110672,109734,110365,109955,110104,109604,110837,110967,111417,111269,111873,112310,112893,112907,113042,112828,112710
51,Ceuta,95205,95170,96108,97219,97193,96922,95258,95393,95793,96527,96440,96439,94398,94135,94960,96109,96252,96376,94906,94963,95032,95900,96027,95877,93971,93551,94385,95348,95574,95900,94737,94727,95255,96265,96472,96946,96285,95758,96245,97344,97373,97314,96015,95978,96366,97367,97476,97542,96013,96032,96586,97599,98073,98398,97228,97288,97799,98657,98375,98228,96802,96825,97722,98963,98682,98261,97154,96867,97230,98360,98589,98526,97045,96877,97058,97893,97813,98042,96885,96712,96898,97844,97880,98127,97629,97128,98443,99650,99883,100060,99004,99392,100421,102305,102602,103483,102978,103690,106136,106936,107733,109348,108874,109098,108669,109403,109679,109885,109726,110728,110907,111744,111767,112433,113533,113356,113627,113876,113709,113480
52,Melilla,93343,93187,93790,94726,94894,94759,93281,93473,94116,94823,94839,94726,92718,92282,93137,93979,94218,94557,93235,93192,93472,94206,94452,94421,92073,91536,92669,93475,93919,94244,92952,92974,93530,94725,95116,95751,94696,94224,94865,95838,95861,95851,94694,94809,95442,96513,96885,97058,95262,95236,95659,96573,97284,97618,96379,95862,96507,97325,97314,96769,94760,94764,95618,96705,96562,96612,95799,95687,96224,97146,96940,97274,95473,95466,95319,96435,96465,96982,95615,95671,96269,96955,97013,97416,97036,96669,98148,99347,99704,100329,98882,99447,100913,102657,102772,104096,103528,104256,107172,107771,108668,110475,109661,109879,109317,110650,110413,110919,110628,112029,112462,114057,113761,114117,114127,114871,115116,115148,114988,114741
00,TOTAL ESPAÑA,93373,93333,93541,94373,94395,94421,93533,93681,93824,94261,94195,93646,92141,92331,92920,93774,94222,94474,93597,93286,92999,93595,93937,93663,91876,91552,92139,92785,93292,93723,93041,93161,93165,94230,94572,95132,94609,94269,94249,95154,95097,95138,94482,94670,94835,95710,96147,96190,95153,95281,95393,96181,97048,97302,96604,96742,96978,97875,97768,97329,96085,96320,96669,97644,97834,97719,97113,97059,97059,98001,98167,98096,97139,97024,96652,96944,96938,97385,96511,96555,96700,97208,97367,97574,97583,97008,97949,99105,99572,100046,99292,99743,100575,102425,102738,103965,103567,104403,107566,107375,108262,110267,109986,110265,109498,109866,109734,109899,109668,110703,111111,111773,111719,112354,112544,113149,113348,113676,113280,113308
