﻿Total Nacional;Comunidades y Ciudades Autónomas;Provincias;Sexo;Año;Total
Total Nacional;;;Ambos sexos;2023;48.085.361
Total Nacional;;;Ambos sexos;2022;47.486.727
Total Nacional;;;Ambos sexos;2021;47.400.798
Total Nacional;;;Hombre;2023;23.565.593
Total Nacional;;;Hombre;2022;23.288.747
Total Nacional;;;Hombre;2021;23.248.611
Total Nacional;;;Mujer;2023;24.519.768
Total Nacional;;;Mujer;2022;24.197.980
Total Nacional;;;Mujer;2021;24.152.187
Total Nacional;01 Andalucía;;Ambos sexos;2023;8.584.147
Total Nacional;01 Andalucía;;Ambos sexos;2022;8.511.167
Total Nacional;01 Andalucía;;Ambos sexos;2021;8.484.804
Total Nacional;01 Andalucía;;Hombre;2023;4.229.831
Total Nacional;01 Andalucía;;Hombre;2022;4.196.620
Total Nacional;01 Andalucía;;Hombre;2021;4.182.620
Total Nacional;01 Andalucía;;Mujer;2023;4.354.316
Total Nacional;01 Andalucía;;Mujer;2022;4.314.547
Total Nacional;01 Andalucía;;Mujer;2021;4.302.184
Total Nacional;01 Andalucía;04 Almería;Ambos sexos;2023;753.364
Total Nacional;01 Andalucía;04 Almería;Ambos sexos;2022;739.541
Total Nacional;01 Andalucía;04 Almería;Ambos sexos;2021;730.430
Total Nacional;01 Andalucía;04 Almería;Hombre;2023;385.696
Total Nacional;01 Andalucía;04 Almería;Hombre;2022;378.325
Total Nacional;01 Andalucía;04 Almería;Hombre;2021;372.823
Total Nacional;01 Andalucía;04 Almería;Mujer;2023;367.668
Total Nacional;01 Andalucía;04 Almería;Mujer;2022;361.216
Total Nacional;01 Andalucía;04 Almería;Mujer;2021;357.607
Total Nacional;01 Andalucía;11 Cádiz;Ambos sexos;2023;1.254.866
Total Nacional;01 Andalucía;11 Cádiz;Ambos sexos;2022;1.250.545
Total Nacional;01 Andalucía;11 Cádiz;Ambos sexos;2021;1.249.873
Total Nacional;01 Andalucía;11 Cádiz;Hombre;2023;618.291
Total Nacional;01 Andalucía;11 Cádiz;Hombre;2022;616.647
Total Nacional;01 Andalucía;11 Cádiz;Hombre;2021;616.595
Total Nacional;01 Andalucía;11 Cádiz;Mujer;2023;636.575
Total Nacional;01 Andalucía;11 Cádiz;Mujer;2022;633.898
Total Nacional;01 Andalucía;11 Cádiz;Mujer;2021;633.278
Total Nacional;01 Andalucía;14 Córdoba;Ambos sexos;2023;775.002
Total Nacional;01 Andalucía;14 Córdoba;Ambos sexos;2022;775.110
Total Nacional;01 Andalucía;14 Córdoba;Ambos sexos;2021;777.622
Total Nacional;01 Andalucía;14 Córdoba;Hombre;2023;379.239
Total Nacional;01 Andalucía;14 Córdoba;Hombre;2022;379.567
Total Nacional;01 Andalucía;14 Córdoba;Hombre;2021;380.859
Total Nacional;01 Andalucía;14 Córdoba;Mujer;2023;395.763
Total Nacional;01 Andalucía;14 Córdoba;Mujer;2022;395.543
Total Nacional;01 Andalucía;14 Córdoba;Mujer;2021;396.763
Total Nacional;01 Andalucía;18 Granada;Ambos sexos;2023;934.072
Total Nacional;01 Andalucía;18 Granada;Ambos sexos;2022;926.019
Total Nacional;01 Andalucía;18 Granada;Ambos sexos;2021;925.046
Total Nacional;01 Andalucía;18 Granada;Hombre;2023;460.537
Total Nacional;01 Andalucía;18 Granada;Hombre;2022;456.834
Total Nacional;01 Andalucía;18 Granada;Hombre;2021;456.393
Total Nacional;01 Andalucía;18 Granada;Mujer;2023;473.535
Total Nacional;01 Andalucía;18 Granada;Mujer;2022;469.185
Total Nacional;01 Andalucía;18 Granada;Mujer;2021;468.653
Total Nacional;01 Andalucía;21 Huelva;Ambos sexos;2023;534.084
Total Nacional;01 Andalucía;21 Huelva;Ambos sexos;2022;531.094
Total Nacional;01 Andalucía;21 Huelva;Ambos sexos;2021;527.254
Total Nacional;01 Andalucía;21 Huelva;Hombre;2023;265.017
Total Nacional;01 Andalucía;21 Huelva;Hombre;2022;263.398
Total Nacional;01 Andalucía;21 Huelva;Hombre;2021;261.186
Total Nacional;01 Andalucía;21 Huelva;Mujer;2023;269.067
Total Nacional;01 Andalucía;21 Huelva;Mujer;2022;267.696
Total Nacional;01 Andalucía;21 Huelva;Mujer;2021;266.068
Total Nacional;01 Andalucía;23 Jaén;Ambos sexos;2023;620.637
Total Nacional;01 Andalucía;23 Jaén;Ambos sexos;2022;624.191
Total Nacional;01 Andalucía;23 Jaén;Ambos sexos;2021;627.568
Total Nacional;01 Andalucía;23 Jaén;Hombre;2023;307.398
Total Nacional;01 Andalucía;23 Jaén;Hombre;2022;309.349
Total Nacional;01 Andalucía;23 Jaén;Hombre;2021;310.930
Total Nacional;01 Andalucía;23 Jaén;Mujer;2023;313.239
Total Nacional;01 Andalucía;23 Jaén;Mujer;2022;314.842
Total Nacional;01 Andalucía;23 Jaén;Mujer;2021;316.638
Total Nacional;01 Andalucía;29 Málaga;Ambos sexos;2023;1.752.728
Total Nacional;01 Andalucía;29 Málaga;Ambos sexos;2022;1.715.109
Total Nacional;01 Andalucía;29 Málaga;Ambos sexos;2021;1.696.955
Total Nacional;01 Andalucía;29 Málaga;Hombre;2023;857.246
Total Nacional;01 Andalucía;29 Málaga;Hombre;2022;840.038
Total Nacional;01 Andalucía;29 Málaga;Hombre;2021;831.211
Total Nacional;01 Andalucía;29 Málaga;Mujer;2023;895.482
Total Nacional;01 Andalucía;29 Málaga;Mujer;2022;875.071
Total Nacional;01 Andalucía;29 Málaga;Mujer;2021;865.744
Total Nacional;01 Andalucía;41 Sevilla;Ambos sexos;2023;1.959.394
Total Nacional;01 Andalucía;41 Sevilla;Ambos sexos;2022;1.949.558
Total Nacional;01 Andalucía;41 Sevilla;Ambos sexos;2021;1.950.056
Total Nacional;01 Andalucía;41 Sevilla;Hombre;2023;956.407
Total Nacional;01 Andalucía;41 Sevilla;Hombre;2022;952.462
Total Nacional;01 Andalucía;41 Sevilla;Hombre;2021;952.623
Total Nacional;01 Andalucía;41 Sevilla;Mujer;2023;1.002.987
Total Nacional;01 Andalucía;41 Sevilla;Mujer;2022;997.096
Total Nacional;01 Andalucía;41 Sevilla;Mujer;2021;997.433
Total Nacional;02 Aragón;;Ambos sexos;2023;1.341.289
Total Nacional;02 Aragón;;Ambos sexos;2022;1.328.215
Total Nacional;02 Aragón;;Ambos sexos;2021;1.331.938
Total Nacional;02 Aragón;;Hombre;2023;662.674
Total Nacional;02 Aragón;;Hombre;2022;656.811
Total Nacional;02 Aragón;;Hombre;2021;658.263
Total Nacional;02 Aragón;;Mujer;2023;678.615
Total Nacional;02 Aragón;;Mujer;2022;671.404
Total Nacional;02 Aragón;;Mujer;2021;673.675
Total Nacional;02 Aragón;22 Huesca;Ambos sexos;2023;226.878
Total Nacional;02 Aragón;22 Huesca;Ambos sexos;2022;225.199
Total Nacional;02 Aragón;22 Huesca;Ambos sexos;2021;223.995
Total Nacional;02 Aragón;22 Huesca;Hombre;2023;114.938
Total Nacional;02 Aragón;22 Huesca;Hombre;2022;114.288
Total Nacional;02 Aragón;22 Huesca;Hombre;2021;113.456
Total Nacional;02 Aragón;22 Huesca;Mujer;2023;111.940
Total Nacional;02 Aragón;22 Huesca;Mujer;2022;110.911
Total Nacional;02 Aragón;22 Huesca;Mujer;2021;110.539
Total Nacional;02 Aragón;44 Teruel;Ambos sexos;2023;135.046
Total Nacional;02 Aragón;44 Teruel;Ambos sexos;2022;134.132
Total Nacional;02 Aragón;44 Teruel;Ambos sexos;2021;134.259
Total Nacional;02 Aragón;44 Teruel;Hombre;2023;68.416
Total Nacional;02 Aragón;44 Teruel;Hombre;2022;68.120
Total Nacional;02 Aragón;44 Teruel;Hombre;2021;68.143
Total Nacional;02 Aragón;44 Teruel;Mujer;2023;66.630
Total Nacional;02 Aragón;44 Teruel;Mujer;2022;66.012
Total Nacional;02 Aragón;44 Teruel;Mujer;2021;66.116
Total Nacional;02 Aragón;50 Zaragoza;Ambos sexos;2023;979.365
Total Nacional;02 Aragón;50 Zaragoza;Ambos sexos;2022;968.884
Total Nacional;02 Aragón;50 Zaragoza;Ambos sexos;2021;973.684
Total Nacional;02 Aragón;50 Zaragoza;Hombre;2023;479.320
Total Nacional;02 Aragón;50 Zaragoza;Hombre;2022;474.403
Total Nacional;02 Aragón;50 Zaragoza;Hombre;2021;476.664
Total Nacional;02 Aragón;50 Zaragoza;Mujer;2023;500.045
Total Nacional;02 Aragón;50 Zaragoza;Mujer;2022;494.481
Total Nacional;02 Aragón;50 Zaragoza;Mujer;2021;497.020
Total Nacional;03 Asturias, Principado de;;Ambos sexos;2023;1.006.060
Total Nacional;03 Asturias, Principado de;;Ambos sexos;2022;1.004.960
Total Nacional;03 Asturias, Principado de;;Ambos sexos;2021;1.012.117
Total Nacional;03 Asturias, Principado de;;Hombre;2023;479.739
Total Nacional;03 Asturias, Principado de;;Hombre;2022;479.658
Total Nacional;03 Asturias, Principado de;;Hombre;2021;483.186
Total Nacional;03 Asturias, Principado de;;Mujer;2023;526.321
Total Nacional;03 Asturias, Principado de;;Mujer;2022;525.302
Total Nacional;03 Asturias, Principado de;;Mujer;2021;528.931
Total Nacional;03 Asturias, Principado de;33 Asturias;Ambos sexos;2023;1.006.060
Total Nacional;03 Asturias, Principado de;33 Asturias;Ambos sexos;2022;1.004.960
Total Nacional;03 Asturias, Principado de;33 Asturias;Ambos sexos;2021;1.012.117
Total Nacional;03 Asturias, Principado de;33 Asturias;Hombre;2023;479.739
Total Nacional;03 Asturias, Principado de;33 Asturias;Hombre;2022;479.658
Total Nacional;03 Asturias, Principado de;33 Asturias;Hombre;2021;483.186
Total Nacional;03 Asturias, Principado de;33 Asturias;Mujer;2023;526.321
Total Nacional;03 Asturias, Principado de;33 Asturias;Mujer;2022;525.302
Total Nacional;03 Asturias, Principado de;33 Asturias;Mujer;2021;528.931
Total Nacional;04 Balears, Illes;;Ambos sexos;2023;1.209.906
Total Nacional;04 Balears, Illes;;Ambos sexos;2022;1.187.043
Total Nacional;04 Balears, Illes;;Ambos sexos;2021;1.183.415
Total Nacional;04 Balears, Illes;;Hombre;2023;602.649
Total Nacional;04 Balears, Illes;;Hombre;2022;592.100
Total Nacional;04 Balears, Illes;;Hombre;2021;590.990
Total Nacional;04 Balears, Illes;;Mujer;2023;607.257
Total Nacional;04 Balears, Illes;;Mujer;2022;594.943
Total Nacional;04 Balears, Illes;;Mujer;2021;592.425
Total Nacional;04 Balears, Illes;07 Balears, Illes;Ambos sexos;2023;1.209.906
Total Nacional;04 Balears, Illes;07 Balears, Illes;Ambos sexos;2022;1.187.043
Total Nacional;04 Balears, Illes;07 Balears, Illes;Ambos sexos;2021;1.183.415
Total Nacional;04 Balears, Illes;07 Balears, Illes;Hombre;2023;602.649
Total Nacional;04 Balears, Illes;07 Balears, Illes;Hombre;2022;592.100
Total Nacional;04 Balears, Illes;07 Balears, Illes;Hombre;2021;590.990
Total Nacional;04 Balears, Illes;07 Balears, Illes;Mujer;2023;607.257
Total Nacional;04 Balears, Illes;07 Balears, Illes;Mujer;2022;594.943
Total Nacional;04 Balears, Illes;07 Balears, Illes;Mujer;2021;592.425
Total Nacional;05 Canarias;;Ambos sexos;2023;2.213.016
Total Nacional;05 Canarias;;Ambos sexos;2022;2.185.607
Total Nacional;05 Canarias;;Ambos sexos;2021;2.178.924
Total Nacional;05 Canarias;;Hombre;2023;1.092.723
Total Nacional;05 Canarias;;Hombre;2022;1.080.244
Total Nacional;05 Canarias;;Hombre;2021;1.077.860
Total Nacional;05 Canarias;;Mujer;2023;1.120.293
Total Nacional;05 Canarias;;Mujer;2022;1.105.363
Total Nacional;05 Canarias;;Mujer;2021;1.101.064
Total Nacional;05 Canarias;35 Palmas, Las;Ambos sexos;2023;1.145.843
Total Nacional;05 Canarias;35 Palmas, Las;Ambos sexos;2022;1.133.733
Total Nacional;05 Canarias;35 Palmas, Las;Ambos sexos;2021;1.131.359
Total Nacional;05 Canarias;35 Palmas, Las;Hombre;2023;569.470
Total Nacional;05 Canarias;35 Palmas, Las;Hombre;2022;563.763
Total Nacional;05 Canarias;35 Palmas, Las;Hombre;2021;563.160
Total Nacional;05 Canarias;35 Palmas, Las;Mujer;2023;576.373
Total Nacional;05 Canarias;35 Palmas, Las;Mujer;2022;569.970
Total Nacional;05 Canarias;35 Palmas, Las;Mujer;2021;568.199
Total Nacional;05 Canarias;38 Santa Cruz de Tenerife;Ambos sexos;2023;1.067.173
Total Nacional;05 Canarias;38 Santa Cruz de Tenerife;Ambos sexos;2022;1.051.874
Total Nacional;05 Canarias;38 Santa Cruz de Tenerife;Ambos sexos;2021;1.047.565
Total Nacional;05 Canarias;38 Santa Cruz de Tenerife;Hombre;2023;523.253
Total Nacional;05 Canarias;38 Santa Cruz de Tenerife;Hombre;2022;516.481
Total Nacional;05 Canarias;38 Santa Cruz de Tenerife;Hombre;2021;514.700
Total Nacional;05 Canarias;38 Santa Cruz de Tenerife;Mujer;2023;543.920
Total Nacional;05 Canarias;38 Santa Cruz de Tenerife;Mujer;2022;535.393
Total Nacional;05 Canarias;38 Santa Cruz de Tenerife;Mujer;2021;532.865
Total Nacional;06 Cantabria;;Ambos sexos;2023;588.387
Total Nacional;06 Cantabria;;Ambos sexos;2022;585.450
Total Nacional;06 Cantabria;;Ambos sexos;2021;584.708
Total Nacional;06 Cantabria;;Hombre;2023;285.133
Total Nacional;06 Cantabria;;Hombre;2022;284.061
Total Nacional;06 Cantabria;;Hombre;2021;283.854
Total Nacional;06 Cantabria;;Mujer;2023;303.254
Total Nacional;06 Cantabria;;Mujer;2022;301.389
Total Nacional;06 Cantabria;;Mujer;2021;300.854
Total Nacional;06 Cantabria;39 Cantabria;Ambos sexos;2023;588.387
Total Nacional;06 Cantabria;39 Cantabria;Ambos sexos;2022;585.450
Total Nacional;06 Cantabria;39 Cantabria;Ambos sexos;2021;584.708
Total Nacional;06 Cantabria;39 Cantabria;Hombre;2023;285.133
Total Nacional;06 Cantabria;39 Cantabria;Hombre;2022;284.061
Total Nacional;06 Cantabria;39 Cantabria;Hombre;2021;283.854
Total Nacional;06 Cantabria;39 Cantabria;Mujer;2023;303.254
Total Nacional;06 Cantabria;39 Cantabria;Mujer;2022;301.389
Total Nacional;06 Cantabria;39 Cantabria;Mujer;2021;300.854
Total Nacional;07 Castilla y León;;Ambos sexos;2023;2.383.703
Total Nacional;07 Castilla y León;;Ambos sexos;2022;2.375.583
Total Nacional;07 Castilla y León;;Ambos sexos;2021;2.385.223
Total Nacional;07 Castilla y León;;Hombre;2023;1.173.585
Total Nacional;07 Castilla y León;;Hombre;2022;1.170.227
Total Nacional;07 Castilla y León;;Hombre;2021;1.174.957
Total Nacional;07 Castilla y León;;Mujer;2023;1.210.118
Total Nacional;07 Castilla y León;;Mujer;2022;1.205.356
Total Nacional;07 Castilla y León;;Mujer;2021;1.210.266
Total Nacional;07 Castilla y León;05 Ávila;Ambos sexos;2023;159.764
Total Nacional;07 Castilla y León;05 Ávila;Ambos sexos;2022;159.102
Total Nacional;07 Castilla y León;05 Ávila;Ambos sexos;2021;158.898
Total Nacional;07 Castilla y León;05 Ávila;Hombre;2023;80.310
Total Nacional;07 Castilla y León;05 Ávila;Hombre;2022;80.060
Total Nacional;07 Castilla y León;05 Ávila;Hombre;2021;79.884
Total Nacional;07 Castilla y León;05 Ávila;Mujer;2023;79.454
Total Nacional;07 Castilla y León;05 Ávila;Mujer;2022;79.042
Total Nacional;07 Castilla y León;05 Ávila;Mujer;2021;79.014
Total Nacional;07 Castilla y León;09 Burgos;Ambos sexos;2023;357.370
Total Nacional;07 Castilla y León;09 Burgos;Ambos sexos;2022;354.846
Total Nacional;07 Castilla y León;09 Burgos;Ambos sexos;2021;356.042
Total Nacional;07 Castilla y León;09 Burgos;Hombre;2023;178.592
Total Nacional;07 Castilla y León;09 Burgos;Hombre;2022;177.509
Total Nacional;07 Castilla y León;09 Burgos;Hombre;2021;178.040
Total Nacional;07 Castilla y León;09 Burgos;Mujer;2023;178.778
Total Nacional;07 Castilla y León;09 Burgos;Mujer;2022;177.337
Total Nacional;07 Castilla y León;09 Burgos;Mujer;2021;178.002
Total Nacional;07 Castilla y León;24 León;Ambos sexos;2023;448.573
Total Nacional;07 Castilla y León;24 León;Ambos sexos;2022;449.270
Total Nacional;07 Castilla y León;24 León;Ambos sexos;2021;452.435
Total Nacional;07 Castilla y León;24 León;Hombre;2023;218.038
Total Nacional;07 Castilla y León;24 León;Hombre;2022;218.430
Total Nacional;07 Castilla y León;24 León;Hombre;2021;220.034
Total Nacional;07 Castilla y León;24 León;Mujer;2023;230.535
Total Nacional;07 Castilla y León;24 León;Mujer;2022;230.840
Total Nacional;07 Castilla y León;24 León;Mujer;2021;232.401
Total Nacional;07 Castilla y León;34 Palencia;Ambos sexos;2023;157.787
Total Nacional;07 Castilla y León;34 Palencia;Ambos sexos;2022;157.993
Total Nacional;07 Castilla y León;34 Palencia;Ambos sexos;2021;159.146
Total Nacional;07 Castilla y León;34 Palencia;Hombre;2023;78.125
Total Nacional;07 Castilla y León;34 Palencia;Hombre;2022;78.316
Total Nacional;07 Castilla y León;34 Palencia;Hombre;2021;78.883
Total Nacional;07 Castilla y León;34 Palencia;Mujer;2023;79.662
Total Nacional;07 Castilla y León;34 Palencia;Mujer;2022;79.677
Total Nacional;07 Castilla y León;34 Palencia;Mujer;2021;80.263
Total Nacional;07 Castilla y León;37 Salamanca;Ambos sexos;2023;327.089
Total Nacional;07 Castilla y León;37 Salamanca;Ambos sexos;2022;326.285
Total Nacional;07 Castilla y León;37 Salamanca;Ambos sexos;2021;327.735
Total Nacional;07 Castilla y León;37 Salamanca;Hombre;2023;158.779
Total Nacional;07 Castilla y León;37 Salamanca;Hombre;2022;158.487
Total Nacional;07 Castilla y León;37 Salamanca;Hombre;2021;159.202
Total Nacional;07 Castilla y León;37 Salamanca;Mujer;2023;168.310
Total Nacional;07 Castilla y León;37 Salamanca;Mujer;2022;167.798
Total Nacional;07 Castilla y León;37 Salamanca;Mujer;2021;168.533
Total Nacional;07 Castilla y León;40 Segovia;Ambos sexos;2023;155.332
Total Nacional;07 Castilla y León;40 Segovia;Ambos sexos;2022;153.731
Total Nacional;07 Castilla y León;40 Segovia;Ambos sexos;2021;153.626
Total Nacional;07 Castilla y León;40 Segovia;Hombre;2023;77.867
Total Nacional;07 Castilla y León;40 Segovia;Hombre;2022;77.203
Total Nacional;07 Castilla y León;40 Segovia;Hombre;2021;77.152
Total Nacional;07 Castilla y León;40 Segovia;Mujer;2023;77.465
Total Nacional;07 Castilla y León;40 Segovia;Mujer;2022;76.528
Total Nacional;07 Castilla y León;40 Segovia;Mujer;2021;76.474
Total Nacional;07 Castilla y León;42 Soria;Ambos sexos;2023;89.528
Total Nacional;07 Castilla y León;42 Soria;Ambos sexos;2022;88.330
Total Nacional;07 Castilla y León;42 Soria;Ambos sexos;2021;88.796
Total Nacional;07 Castilla y León;42 Soria;Hombre;2023;45.396
Total Nacional;07 Castilla y León;42 Soria;Hombre;2022;44.754
Total Nacional;07 Castilla y León;42 Soria;Hombre;2021;44.939
Total Nacional;07 Castilla y León;42 Soria;Mujer;2023;44.132
Total Nacional;07 Castilla y León;42 Soria;Mujer;2022;43.576
Total Nacional;07 Castilla y León;42 Soria;Mujer;2021;43.857
Total Nacional;07 Castilla y León;47 Valladolid;Ambos sexos;2023;521.333
Total Nacional;07 Castilla y León;47 Valladolid;Ambos sexos;2022;518.158
Total Nacional;07 Castilla y León;47 Valladolid;Ambos sexos;2021;519.380
Total Nacional;07 Castilla y León;47 Valladolid;Hombre;2023;253.708
Total Nacional;07 Castilla y León;47 Valladolid;Hombre;2022;252.298
Total Nacional;07 Castilla y León;47 Valladolid;Hombre;2021;252.999
Total Nacional;07 Castilla y León;47 Valladolid;Mujer;2023;267.625
Total Nacional;07 Castilla y León;47 Valladolid;Mujer;2022;265.860
Total Nacional;07 Castilla y León;47 Valladolid;Mujer;2021;266.381
Total Nacional;07 Castilla y León;49 Zamora;Ambos sexos;2023;166.927
Total Nacional;07 Castilla y León;49 Zamora;Ambos sexos;2022;167.868
Total Nacional;07 Castilla y León;49 Zamora;Ambos sexos;2021;169.165
Total Nacional;07 Castilla y León;49 Zamora;Hombre;2023;82.770
Total Nacional;07 Castilla y León;49 Zamora;Hombre;2022;83.170
Total Nacional;07 Castilla y León;49 Zamora;Hombre;2021;83.824
Total Nacional;07 Castilla y León;49 Zamora;Mujer;2023;84.157
Total Nacional;07 Castilla y León;49 Zamora;Mujer;2022;84.698
Total Nacional;07 Castilla y León;49 Zamora;Mujer;2021;85.341
Total Nacional;08 Castilla - La Mancha;;Ambos sexos;2023;2.084.086
Total Nacional;08 Castilla - La Mancha;;Ambos sexos;2022;2.058.278
Total Nacional;08 Castilla - La Mancha;;Ambos sexos;2021;2.052.505
Total Nacional;08 Castilla - La Mancha;;Hombre;2023;1.045.115
Total Nacional;08 Castilla - La Mancha;;Hombre;2022;1.031.732
Total Nacional;08 Castilla - La Mancha;;Hombre;2021;1.028.696
Total Nacional;08 Castilla - La Mancha;;Mujer;2023;1.038.971
Total Nacional;08 Castilla - La Mancha;;Mujer;2022;1.026.546
Total Nacional;08 Castilla - La Mancha;;Mujer;2021;1.023.809
Total Nacional;08 Castilla - La Mancha;02 Albacete;Ambos sexos;2023;387.529
Total Nacional;08 Castilla - La Mancha;02 Albacete;Ambos sexos;2022;385.967
Total Nacional;08 Castilla - La Mancha;02 Albacete;Ambos sexos;2021;386.726
Total Nacional;08 Castilla - La Mancha;02 Albacete;Hombre;2023;194.012
Total Nacional;08 Castilla - La Mancha;02 Albacete;Hombre;2022;193.236
Total Nacional;08 Castilla - La Mancha;02 Albacete;Hombre;2021;193.487
Total Nacional;08 Castilla - La Mancha;02 Albacete;Mujer;2023;193.517
Total Nacional;08 Castilla - La Mancha;02 Albacete;Mujer;2022;192.731
Total Nacional;08 Castilla - La Mancha;02 Albacete;Mujer;2021;193.239
Total Nacional;08 Castilla - La Mancha;13 Ciudad Real;Ambos sexos;2023;491.927
Total Nacional;08 Castilla - La Mancha;13 Ciudad Real;Ambos sexos;2022;490.950
Total Nacional;08 Castilla - La Mancha;13 Ciudad Real;Ambos sexos;2021;492.900
Total Nacional;08 Castilla - La Mancha;13 Ciudad Real;Hombre;2023;243.873
Total Nacional;08 Castilla - La Mancha;13 Ciudad Real;Hombre;2022;243.274
Total Nacional;08 Castilla - La Mancha;13 Ciudad Real;Hombre;2021;244.112
Total Nacional;08 Castilla - La Mancha;13 Ciudad Real;Mujer;2023;248.054
Total Nacional;08 Castilla - La Mancha;13 Ciudad Real;Mujer;2022;247.676
Total Nacional;08 Castilla - La Mancha;13 Ciudad Real;Mujer;2021;248.788
Total Nacional;08 Castilla - La Mancha;16 Cuenca;Ambos sexos;2023;198.436
Total Nacional;08 Castilla - La Mancha;16 Cuenca;Ambos sexos;2022;196.640
Total Nacional;08 Castilla - La Mancha;16 Cuenca;Ambos sexos;2021;196.510
Total Nacional;08 Castilla - La Mancha;16 Cuenca;Hombre;2023;99.934
Total Nacional;08 Castilla - La Mancha;16 Cuenca;Hombre;2022;98.835
Total Nacional;08 Castilla - La Mancha;16 Cuenca;Hombre;2021;98.748
Total Nacional;08 Castilla - La Mancha;16 Cuenca;Mujer;2023;98.502
Total Nacional;08 Castilla - La Mancha;16 Cuenca;Mujer;2022;97.805
Total Nacional;08 Castilla - La Mancha;16 Cuenca;Mujer;2021;97.762
Total Nacional;08 Castilla - La Mancha;19 Guadalajara;Ambos sexos;2023;275.082
Total Nacional;08 Castilla - La Mancha;19 Guadalajara;Ambos sexos;2022;268.412
Total Nacional;08 Castilla - La Mancha;19 Guadalajara;Ambos sexos;2021;265.969
Total Nacional;08 Castilla - La Mancha;19 Guadalajara;Hombre;2023;139.416
Total Nacional;08 Castilla - La Mancha;19 Guadalajara;Hombre;2022;136.128
Total Nacional;08 Castilla - La Mancha;19 Guadalajara;Hombre;2021;134.874
Total Nacional;08 Castilla - La Mancha;19 Guadalajara;Mujer;2023;135.666
Total Nacional;08 Castilla - La Mancha;19 Guadalajara;Mujer;2022;132.284
Total Nacional;08 Castilla - La Mancha;19 Guadalajara;Mujer;2021;131.095
Total Nacional;08 Castilla - La Mancha;45 Toledo;Ambos sexos;2023;731.112
Total Nacional;08 Castilla - La Mancha;45 Toledo;Ambos sexos;2022;716.309
Total Nacional;08 Castilla - La Mancha;45 Toledo;Ambos sexos;2021;710.400
Total Nacional;08 Castilla - La Mancha;45 Toledo;Hombre;2023;367.880
Total Nacional;08 Castilla - La Mancha;45 Toledo;Hombre;2022;360.259
Total Nacional;08 Castilla - La Mancha;45 Toledo;Hombre;2021;357.475
Total Nacional;08 Castilla - La Mancha;45 Toledo;Mujer;2023;363.232
Total Nacional;08 Castilla - La Mancha;45 Toledo;Mujer;2022;356.050
Total Nacional;08 Castilla - La Mancha;45 Toledo;Mujer;2021;352.925
Total Nacional;09 Cataluña;;Ambos sexos;2023;7.901.963
Total Nacional;09 Cataluña;;Ambos sexos;2022;7.761.823
Total Nacional;09 Cataluña;;Ambos sexos;2021;7.749.896
Total Nacional;09 Cataluña;;Hombre;2023;3.887.223
Total Nacional;09 Cataluña;;Hombre;2022;3.820.173
Total Nacional;09 Cataluña;;Hombre;2021;3.814.823
Total Nacional;09 Cataluña;;Mujer;2023;4.014.740
Total Nacional;09 Cataluña;;Mujer;2022;3.941.650
Total Nacional;09 Cataluña;;Mujer;2021;3.935.073
Total Nacional;09 Cataluña;08 Barcelona;Ambos sexos;2023;5.797.356
Total Nacional;09 Cataluña;08 Barcelona;Ambos sexos;2022;5.699.602
Total Nacional;09 Cataluña;08 Barcelona;Ambos sexos;2021;5.702.262
Total Nacional;09 Cataluña;08 Barcelona;Hombre;2023;2.830.260
Total Nacional;09 Cataluña;08 Barcelona;Hombre;2022;2.783.698
Total Nacional;09 Cataluña;08 Barcelona;Hombre;2021;2.785.890
Total Nacional;09 Cataluña;08 Barcelona;Mujer;2023;2.967.096
Total Nacional;09 Cataluña;08 Barcelona;Mujer;2022;2.915.904
Total Nacional;09 Cataluña;08 Barcelona;Mujer;2021;2.916.372
Total Nacional;09 Cataluña;17 Girona;Ambos sexos;2023;808.672
Total Nacional;09 Cataluña;17 Girona;Ambos sexos;2022;790.432
Total Nacional;09 Cataluña;17 Girona;Ambos sexos;2021;784.941
Total Nacional;09 Cataluña;17 Girona;Hombre;2023;404.692
Total Nacional;09 Cataluña;17 Girona;Hombre;2022;396.258
Total Nacional;09 Cataluña;17 Girona;Hombre;2021;393.369
Total Nacional;09 Cataluña;17 Girona;Mujer;2023;403.980
Total Nacional;09 Cataluña;17 Girona;Mujer;2022;394.174
Total Nacional;09 Cataluña;17 Girona;Mujer;2021;391.572
Total Nacional;09 Cataluña;25 Lleida;Ambos sexos;2023;447.343
Total Nacional;09 Cataluña;25 Lleida;Ambos sexos;2022;440.883
Total Nacional;09 Cataluña;25 Lleida;Ambos sexos;2021;439.258
Total Nacional;09 Cataluña;25 Lleida;Hombre;2023;228.557
Total Nacional;09 Cataluña;25 Lleida;Hombre;2022;225.105
Total Nacional;09 Cataluña;25 Lleida;Hombre;2021;224.011
Total Nacional;09 Cataluña;25 Lleida;Mujer;2023;218.786
Total Nacional;09 Cataluña;25 Lleida;Mujer;2022;215.778
Total Nacional;09 Cataluña;25 Lleida;Mujer;2021;215.247
Total Nacional;09 Cataluña;43 Tarragona;Ambos sexos;2023;848.592
Total Nacional;09 Cataluña;43 Tarragona;Ambos sexos;2022;830.906
Total Nacional;09 Cataluña;43 Tarragona;Ambos sexos;2021;823.435
Total Nacional;09 Cataluña;43 Tarragona;Hombre;2023;423.714
Total Nacional;09 Cataluña;43 Tarragona;Hombre;2022;415.112
Total Nacional;09 Cataluña;43 Tarragona;Hombre;2021;411.553
Total Nacional;09 Cataluña;43 Tarragona;Mujer;2023;424.878
Total Nacional;09 Cataluña;43 Tarragona;Mujer;2022;415.794
Total Nacional;09 Cataluña;43 Tarragona;Mujer;2021;411.882
Total Nacional;10 Comunitat Valenciana;;Ambos sexos;2023;5.216.195
Total Nacional;10 Comunitat Valenciana;;Ambos sexos;2022;5.108.116
Total Nacional;10 Comunitat Valenciana;;Ambos sexos;2021;5.067.911
Total Nacional;10 Comunitat Valenciana;;Hombre;2023;2.565.926
Total Nacional;10 Comunitat Valenciana;;Hombre;2022;2.516.724
Total Nacional;10 Comunitat Valenciana;;Hombre;2021;2.497.752
Total Nacional;10 Comunitat Valenciana;;Mujer;2023;2.650.269
Total Nacional;10 Comunitat Valenciana;;Mujer;2022;2.591.392
Total Nacional;10 Comunitat Valenciana;;Mujer;2021;2.570.159
Total Nacional;10 Comunitat Valenciana;03 Alicante/Alacant;Ambos sexos;2023;1.955.268
Total Nacional;10 Comunitat Valenciana;03 Alicante/Alacant;Ambos sexos;2022;1.907.494
Total Nacional;10 Comunitat Valenciana;03 Alicante/Alacant;Ambos sexos;2021;1.887.036
Total Nacional;10 Comunitat Valenciana;03 Alicante/Alacant;Hombre;2023;966.477
Total Nacional;10 Comunitat Valenciana;03 Alicante/Alacant;Hombre;2022;945.114
Total Nacional;10 Comunitat Valenciana;03 Alicante/Alacant;Hombre;2021;935.234
Total Nacional;10 Comunitat Valenciana;03 Alicante/Alacant;Mujer;2023;988.791
Total Nacional;10 Comunitat Valenciana;03 Alicante/Alacant;Mujer;2022;962.380
Total Nacional;10 Comunitat Valenciana;03 Alicante/Alacant;Mujer;2021;951.802
Total Nacional;10 Comunitat Valenciana;12 Castellón/Castelló;Ambos sexos;2023;604.086
Total Nacional;10 Comunitat Valenciana;12 Castellón/Castelló;Ambos sexos;2022;591.300
Total Nacional;10 Comunitat Valenciana;12 Castellón/Castelló;Ambos sexos;2021;587.632
Total Nacional;10 Comunitat Valenciana;12 Castellón/Castelló;Hombre;2023;299.780
Total Nacional;10 Comunitat Valenciana;12 Castellón/Castelló;Hombre;2022;293.616
Total Nacional;10 Comunitat Valenciana;12 Castellón/Castelló;Hombre;2021;291.857
Total Nacional;10 Comunitat Valenciana;12 Castellón/Castelló;Mujer;2023;304.306
Total Nacional;10 Comunitat Valenciana;12 Castellón/Castelló;Mujer;2022;297.684
Total Nacional;10 Comunitat Valenciana;12 Castellón/Castelló;Mujer;2021;295.775
Total Nacional;10 Comunitat Valenciana;46 Valencia/València;Ambos sexos;2023;2.656.841
Total Nacional;10 Comunitat Valenciana;46 Valencia/València;Ambos sexos;2022;2.609.322
Total Nacional;10 Comunitat Valenciana;46 Valencia/València;Ambos sexos;2021;2.593.243
Total Nacional;10 Comunitat Valenciana;46 Valencia/València;Hombre;2023;1.299.669
Total Nacional;10 Comunitat Valenciana;46 Valencia/València;Hombre;2022;1.277.994
Total Nacional;10 Comunitat Valenciana;46 Valencia/València;Hombre;2021;1.270.661
Total Nacional;10 Comunitat Valenciana;46 Valencia/València;Mujer;2023;1.357.172
Total Nacional;10 Comunitat Valenciana;46 Valencia/València;Mujer;2022;1.331.328
Total Nacional;10 Comunitat Valenciana;46 Valencia/València;Mujer;2021;1.322.582
Total Nacional;11 Extremadura;;Ambos sexos;2023;1.054.306
Total Nacional;11 Extremadura;;Ambos sexos;2022;1.056.808
Total Nacional;11 Extremadura;;Ambos sexos;2021;1.061.636
Total Nacional;11 Extremadura;;Hombre;2023;521.626
Total Nacional;11 Extremadura;;Hombre;2022;523.255
Total Nacional;11 Extremadura;;Hombre;2021;525.843
Total Nacional;11 Extremadura;;Mujer;2023;532.680
Total Nacional;11 Extremadura;;Mujer;2022;533.553
Total Nacional;11 Extremadura;;Mujer;2021;535.793
Total Nacional;11 Extremadura;06 Badajoz;Ambos sexos;2023;666.049
Total Nacional;11 Extremadura;06 Badajoz;Ambos sexos;2022;667.851
Total Nacional;11 Extremadura;06 Badajoz;Ambos sexos;2021;671.092
Total Nacional;11 Extremadura;06 Badajoz;Hombre;2023;329.118
Total Nacional;11 Extremadura;06 Badajoz;Hombre;2022;330.178
Total Nacional;11 Extremadura;06 Badajoz;Hombre;2021;331.856
Total Nacional;11 Extremadura;06 Badajoz;Mujer;2023;336.931
Total Nacional;11 Extremadura;06 Badajoz;Mujer;2022;337.673
Total Nacional;11 Extremadura;06 Badajoz;Mujer;2021;339.236
Total Nacional;11 Extremadura;10 Cáceres;Ambos sexos;2023;388.257
Total Nacional;11 Extremadura;10 Cáceres;Ambos sexos;2022;388.957
Total Nacional;11 Extremadura;10 Cáceres;Ambos sexos;2021;390.544
Total Nacional;11 Extremadura;10 Cáceres;Hombre;2023;192.508
Total Nacional;11 Extremadura;10 Cáceres;Hombre;2022;193.077
Total Nacional;11 Extremadura;10 Cáceres;Hombre;2021;193.987
Total Nacional;11 Extremadura;10 Cáceres;Mujer;2023;195.749
Total Nacional;11 Extremadura;10 Cáceres;Mujer;2022;195.880
Total Nacional;11 Extremadura;10 Cáceres;Mujer;2021;196.557
Total Nacional;12 Galicia;;Ambos sexos;2023;2.699.424
Total Nacional;12 Galicia;;Ambos sexos;2022;2.692.825
Total Nacional;12 Galicia;;Ambos sexos;2021;2.698.177
Total Nacional;12 Galicia;;Hombre;2023;1.299.064
Total Nacional;12 Galicia;;Hombre;2022;1.296.582
Total Nacional;12 Galicia;;Hombre;2021;1.299.491
Total Nacional;12 Galicia;;Mujer;2023;1.400.360
Total Nacional;12 Galicia;;Mujer;2022;1.396.243
Total Nacional;12 Galicia;;Mujer;2021;1.398.686
Total Nacional;12 Galicia;15 Coruña, A;Ambos sexos;2023;1.123.884
Total Nacional;12 Galicia;15 Coruña, A;Ambos sexos;2022;1.119.164
Total Nacional;12 Galicia;15 Coruña, A;Ambos sexos;2021;1.120.501
Total Nacional;12 Galicia;15 Coruña, A;Hombre;2023;538.523
Total Nacional;12 Galicia;15 Coruña, A;Hombre;2022;536.697
Total Nacional;12 Galicia;15 Coruña, A;Hombre;2021;537.361
Total Nacional;12 Galicia;15 Coruña, A;Mujer;2023;585.361
Total Nacional;12 Galicia;15 Coruña, A;Mujer;2022;582.467
Total Nacional;12 Galicia;15 Coruña, A;Mujer;2021;583.140
Total Nacional;12 Galicia;27 Lugo;Ambos sexos;2023;324.267
Total Nacional;12 Galicia;27 Lugo;Ambos sexos;2022;324.240
Total Nacional;12 Galicia;27 Lugo;Ambos sexos;2021;326.068
Total Nacional;12 Galicia;27 Lugo;Hombre;2023;157.332
Total Nacional;12 Galicia;27 Lugo;Hombre;2022;157.157
Total Nacional;12 Galicia;27 Lugo;Hombre;2021;158.003
Total Nacional;12 Galicia;27 Lugo;Mujer;2023;166.935
Total Nacional;12 Galicia;27 Lugo;Mujer;2022;167.083
Total Nacional;12 Galicia;27 Lugo;Mujer;2021;168.065
Total Nacional;12 Galicia;32 Ourense;Ambos sexos;2023;304.563
Total Nacional;12 Galicia;32 Ourense;Ambos sexos;2022;304.223
Total Nacional;12 Galicia;32 Ourense;Ambos sexos;2021;305.297
Total Nacional;12 Galicia;32 Ourense;Hombre;2023;146.271
Total Nacional;12 Galicia;32 Ourense;Hombre;2022;146.112
Total Nacional;12 Galicia;32 Ourense;Hombre;2021;146.630
Total Nacional;12 Galicia;32 Ourense;Mujer;2023;158.292
Total Nacional;12 Galicia;32 Ourense;Mujer;2022;158.111
Total Nacional;12 Galicia;32 Ourense;Mujer;2021;158.667
Total Nacional;12 Galicia;36 Pontevedra;Ambos sexos;2023;946.710
Total Nacional;12 Galicia;36 Pontevedra;Ambos sexos;2022;945.198
Total Nacional;12 Galicia;36 Pontevedra;Ambos sexos;2021;946.311
Total Nacional;12 Galicia;36 Pontevedra;Hombre;2023;456.938
Total Nacional;12 Galicia;36 Pontevedra;Hombre;2022;456.616
Total Nacional;12 Galicia;36 Pontevedra;Hombre;2021;457.497
Total Nacional;12 Galicia;36 Pontevedra;Mujer;2023;489.772
Total Nacional;12 Galicia;36 Pontevedra;Mujer;2022;488.582
Total Nacional;12 Galicia;36 Pontevedra;Mujer;2021;488.814
Total Nacional;13 Madrid, Comunidad de;;Ambos sexos;2023;6.871.903
Total Nacional;13 Madrid, Comunidad de;;Ambos sexos;2022;6.743.254
Total Nacional;13 Madrid, Comunidad de;;Ambos sexos;2021;6.726.640
Total Nacional;13 Madrid, Comunidad de;;Hombre;2023;3.288.197
Total Nacional;13 Madrid, Comunidad de;;Hombre;2022;3.229.127
Total Nacional;13 Madrid, Comunidad de;;Hombre;2021;3.221.401
Total Nacional;13 Madrid, Comunidad de;;Mujer;2023;3.583.706
Total Nacional;13 Madrid, Comunidad de;;Mujer;2022;3.514.127
Total Nacional;13 Madrid, Comunidad de;;Mujer;2021;3.505.239
Total Nacional;13 Madrid, Comunidad de;28 Madrid;Ambos sexos;2023;6.871.903
Total Nacional;13 Madrid, Comunidad de;28 Madrid;Ambos sexos;2022;6.743.254
Total Nacional;13 Madrid, Comunidad de;28 Madrid;Ambos sexos;2021;6.726.640
Total Nacional;13 Madrid, Comunidad de;28 Madrid;Hombre;2023;3.288.197
Total Nacional;13 Madrid, Comunidad de;28 Madrid;Hombre;2022;3.229.127
Total Nacional;13 Madrid, Comunidad de;28 Madrid;Hombre;2021;3.221.401
Total Nacional;13 Madrid, Comunidad de;28 Madrid;Mujer;2023;3.583.706
Total Nacional;13 Madrid, Comunidad de;28 Madrid;Mujer;2022;3.514.127
Total Nacional;13 Madrid, Comunidad de;28 Madrid;Mujer;2021;3.505.239
Total Nacional;14 Murcia, Región de;;Ambos sexos;2023;1.551.692
Total Nacional;14 Murcia, Región de;;Ambos sexos;2022;1.529.658
Total Nacional;14 Murcia, Región de;;Ambos sexos;2021;1.518.279
Total Nacional;14 Murcia, Región de;;Hombre;2023;777.819
Total Nacional;14 Murcia, Región de;;Hombre;2022;767.117
Total Nacional;14 Murcia, Región de;;Hombre;2021;760.831
Total Nacional;14 Murcia, Región de;;Mujer;2023;773.873
Total Nacional;14 Murcia, Región de;;Mujer;2022;762.541
Total Nacional;14 Murcia, Región de;;Mujer;2021;757.448
Total Nacional;14 Murcia, Región de;30 Murcia;Ambos sexos;2023;1.551.692
Total Nacional;14 Murcia, Región de;30 Murcia;Ambos sexos;2022;1.529.658
Total Nacional;14 Murcia, Región de;30 Murcia;Ambos sexos;2021;1.518.279
Total Nacional;14 Murcia, Región de;30 Murcia;Hombre;2023;777.819
Total Nacional;14 Murcia, Región de;30 Murcia;Hombre;2022;767.117
Total Nacional;14 Murcia, Región de;30 Murcia;Hombre;2021;760.831
Total Nacional;14 Murcia, Región de;30 Murcia;Mujer;2023;773.873
Total Nacional;14 Murcia, Región de;30 Murcia;Mujer;2022;762.541
Total Nacional;14 Murcia, Región de;30 Murcia;Mujer;2021;757.448
Total Nacional;15 Navarra, Comunidad Foral de;;Ambos sexos;2023;672.155
Total Nacional;15 Navarra, Comunidad Foral de;;Ambos sexos;2022;664.514
Total Nacional;15 Navarra, Comunidad Foral de;;Ambos sexos;2021;662.032
Total Nacional;15 Navarra, Comunidad Foral de;;Hombre;2023;332.575
Total Nacional;15 Navarra, Comunidad Foral de;;Hombre;2022;329.064
Total Nacional;15 Navarra, Comunidad Foral de;;Hombre;2021;327.940
Total Nacional;15 Navarra, Comunidad Foral de;;Mujer;2023;339.580
Total Nacional;15 Navarra, Comunidad Foral de;;Mujer;2022;335.450
Total Nacional;15 Navarra, Comunidad Foral de;;Mujer;2021;334.092
Total Nacional;15 Navarra, Comunidad Foral de;31 Navarra;Ambos sexos;2023;672.155
Total Nacional;15 Navarra, Comunidad Foral de;31 Navarra;Ambos sexos;2022;664.514
Total Nacional;15 Navarra, Comunidad Foral de;31 Navarra;Ambos sexos;2021;662.032
Total Nacional;15 Navarra, Comunidad Foral de;31 Navarra;Hombre;2023;332.575
Total Nacional;15 Navarra, Comunidad Foral de;31 Navarra;Hombre;2022;329.064
Total Nacional;15 Navarra, Comunidad Foral de;31 Navarra;Hombre;2021;327.940
Total Nacional;15 Navarra, Comunidad Foral de;31 Navarra;Mujer;2023;339.580
Total Nacional;15 Navarra, Comunidad Foral de;31 Navarra;Mujer;2022;335.450
Total Nacional;15 Navarra, Comunidad Foral de;31 Navarra;Mujer;2021;334.092
Total Nacional;16 País Vasco;;Ambos sexos;2023;2.216.302
Total Nacional;16 País Vasco;;Ambos sexos;2022;2.205.826
Total Nacional;16 País Vasco;;Ambos sexos;2021;2.212.628
Total Nacional;16 País Vasco;;Hombre;2023;1.077.504
Total Nacional;16 País Vasco;;Hombre;2022;1.072.491
Total Nacional;16 País Vasco;;Hombre;2021;1.075.982
Total Nacional;16 País Vasco;;Mujer;2023;1.138.798
Total Nacional;16 País Vasco;;Mujer;2022;1.133.335
Total Nacional;16 País Vasco;;Mujer;2021;1.136.646
Total Nacional;16 País Vasco;01 Araba/Álava;Ambos sexos;2023;336.308
Total Nacional;16 País Vasco;01 Araba/Álava;Ambos sexos;2022;333.908
Total Nacional;16 País Vasco;01 Araba/Álava;Ambos sexos;2021;333.485
Total Nacional;16 País Vasco;01 Araba/Álava;Hombre;2023;165.600
Total Nacional;16 País Vasco;01 Araba/Álava;Hombre;2022;164.410
Total Nacional;16 País Vasco;01 Araba/Álava;Hombre;2021;164.299
Total Nacional;16 País Vasco;01 Araba/Álava;Mujer;2023;170.708
Total Nacional;16 País Vasco;01 Araba/Álava;Mujer;2022;169.498
Total Nacional;16 País Vasco;01 Araba/Álava;Mujer;2021;169.186
Total Nacional;16 País Vasco;20 Gipuzkoa;Ambos sexos;2023;726.712
Total Nacional;16 País Vasco;20 Gipuzkoa;Ambos sexos;2022;723.241
Total Nacional;16 País Vasco;20 Gipuzkoa;Ambos sexos;2021;725.508
Total Nacional;16 País Vasco;20 Gipuzkoa;Hombre;2023;354.758
Total Nacional;16 País Vasco;20 Gipuzkoa;Hombre;2022;353.333
Total Nacional;16 País Vasco;20 Gipuzkoa;Hombre;2021;354.493
Total Nacional;16 País Vasco;20 Gipuzkoa;Mujer;2023;371.954
Total Nacional;16 País Vasco;20 Gipuzkoa;Mujer;2022;369.908
Total Nacional;16 País Vasco;20 Gipuzkoa;Mujer;2021;371.015
Total Nacional;16 País Vasco;48 Bizkaia;Ambos sexos;2023;1.153.282
Total Nacional;16 País Vasco;48 Bizkaia;Ambos sexos;2022;1.148.677
Total Nacional;16 País Vasco;48 Bizkaia;Ambos sexos;2021;1.153.635
Total Nacional;16 País Vasco;48 Bizkaia;Hombre;2023;557.146
Total Nacional;16 País Vasco;48 Bizkaia;Hombre;2022;554.748
Total Nacional;16 País Vasco;48 Bizkaia;Hombre;2021;557.190
Total Nacional;16 País Vasco;48 Bizkaia;Mujer;2023;596.136
Total Nacional;16 País Vasco;48 Bizkaia;Mujer;2022;593.929
Total Nacional;16 País Vasco;48 Bizkaia;Mujer;2021;596.445
Total Nacional;17 Rioja, La;;Ambos sexos;2023;322.282
Total Nacional;17 Rioja, La;;Ambos sexos;2022;319.617
Total Nacional;17 Rioja, La;;Ambos sexos;2021;319.444
Total Nacional;17 Rioja, La;;Hombre;2023;159.151
Total Nacional;17 Rioja, La;;Hombre;2022;157.875
Total Nacional;17 Rioja, La;;Hombre;2021;157.763
Total Nacional;17 Rioja, La;;Mujer;2023;163.131
Total Nacional;17 Rioja, La;;Mujer;2022;161.742
Total Nacional;17 Rioja, La;;Mujer;2021;161.681
Total Nacional;17 Rioja, La;26 Rioja, La;Ambos sexos;2023;322.282
Total Nacional;17 Rioja, La;26 Rioja, La;Ambos sexos;2022;319.617
Total Nacional;17 Rioja, La;26 Rioja, La;Ambos sexos;2021;319.444
Total Nacional;17 Rioja, La;26 Rioja, La;Hombre;2023;159.151
Total Nacional;17 Rioja, La;26 Rioja, La;Hombre;2022;157.875
Total Nacional;17 Rioja, La;26 Rioja, La;Hombre;2021;157.763
Total Nacional;17 Rioja, La;26 Rioja, La;Mujer;2023;163.131
Total Nacional;17 Rioja, La;26 Rioja, La;Mujer;2022;161.742
Total Nacional;17 Rioja, La;26 Rioja, La;Mujer;2021;161.681
Total Nacional;18 Ceuta;;Ambos sexos;2023;83.052
Total Nacional;18 Ceuta;;Ambos sexos;2022;83.051
Total Nacional;18 Ceuta;;Ambos sexos;2021;84.071
Total Nacional;18 Ceuta;;Hombre;2023;41.897
Total Nacional;18 Ceuta;;Hombre;2022;41.908
Total Nacional;18 Ceuta;;Hombre;2021;42.536
Total Nacional;18 Ceuta;;Mujer;2023;41.155
Total Nacional;18 Ceuta;;Mujer;2022;41.143
Total Nacional;18 Ceuta;;Mujer;2021;41.535
Total Nacional;18 Ceuta;51 Ceuta;Ambos sexos;2023;83.052
Total Nacional;18 Ceuta;51 Ceuta;Ambos sexos;2022;83.051
Total Nacional;18 Ceuta;51 Ceuta;Ambos sexos;2021;84.071
Total Nacional;18 Ceuta;51 Ceuta;Hombre;2023;41.897
Total Nacional;18 Ceuta;51 Ceuta;Hombre;2022;41.908
Total Nacional;18 Ceuta;51 Ceuta;Hombre;2021;42.536
Total Nacional;18 Ceuta;51 Ceuta;Mujer;2023;41.155
Total Nacional;18 Ceuta;51 Ceuta;Mujer;2022;41.143
Total Nacional;18 Ceuta;51 Ceuta;Mujer;2021;41.535
Total Nacional;19 Melilla;;Ambos sexos;2023;85.493
Total Nacional;19 Melilla;;Ambos sexos;2022;84.932
Total Nacional;19 Melilla;;Ambos sexos;2021;86.450
Total Nacional;19 Melilla;;Hombre;2023;43.162
Total Nacional;19 Melilla;;Hombre;2022;42.978
Total Nacional;19 Melilla;;Hombre;2021;43.823
Total Nacional;19 Melilla;;Mujer;2023;42.331
Total Nacional;19 Melilla;;Mujer;2022;41.954
Total Nacional;19 Melilla;;Mujer;2021;42.627
Total Nacional;19 Melilla;52 Melilla;Ambos sexos;2023;85.493
Total Nacional;19 Melilla;52 Melilla;Ambos sexos;2022;84.932
Total Nacional;19 Melilla;52 Melilla;Ambos sexos;2021;86.450
Total Nacional;19 Melilla;52 Melilla;Hombre;2023;43.162
Total Nacional;19 Melilla;52 Melilla;Hombre;2022;42.978
Total Nacional;19 Melilla;52 Melilla;Hombre;2021;43.823
Total Nacional;19 Melilla;52 Melilla;Mujer;2023;42.331
Total Nacional;19 Melilla;52 Melilla;Mujer;2022;41.954
Total Nacional;19 Melilla;52 Melilla;Mujer;2021;42.627
