city,lat,lng,country,iso2,admin_name,capital,population,population_proper
Madrid,40.4169,-3.7033,Spain,ES,Madrid,primary,6211000,3266126
Barcelona,41.3825,2.1769,Spain,ES,Catalonia,admin,4800000,1620343
Sevilla,37.2400,-5.9900,Spain,ES,Andalusia,admin,1100000,681998
Málaga,36.7194,-4.4200,Spain,ES,Andalusia,minor,967250,579076
Valencia,39.4700,-0.3764,Spain,ES,Valencia,admin,792492,792492
Bilbao,43.2569,-2.9236,Spain,ES,Basque Country,minor,775000,344127
Zaragoza,41.6500,-0.8833,Spain,ES,Aragon,admin,675301,673010
Murcia,37.9861,-1.1303,Spain,ES,Murcia,admin,672773,462979
Palma,39.5667,2.6500,Spain,ES,Balearic Islands,admin,550000,415940
Las Palmas,28.1272,-15.4314,Spain,ES,Canary Islands,admin,378797,378797
Alicante,38.3453,-0.4831,Spain,ES,Valencia,minor,338577,338577
Córdoba,37.8845,-4.7796,Spain,ES,Andalusia,minor,322071,319515
Valladolid,41.6528,-4.7236,Spain,ES,Castille-Leon,admin,297775,295639
Vigo,42.2314,-8.7124,Spain,ES,Galicia,,293837,292374
Gijón,43.5333,-5.7000,Spain,ES,Asturias,,268896,267706
Vitoria-Gasteiz,42.8500,-2.6833,Spain,ES,Basque Country,admin,253672,253672
A Coruña,43.3667,-8.3833,Spain,ES,Galicia,minor,245468,244700
Elche,38.2669,-0.6983,Spain,ES,Valencia,,235580,235580
Granada,37.1781,-3.6008,Spain,ES,Andalusia,minor,231775,228682
Tarrasa,41.5611,2.0081,Spain,ES,Catalonia,,224114,224114
Badalona,41.4333,2.2333,Spain,ES,Catalonia,,223506,223506
Petrel,38.4789,-0.7967,Spain,ES,Valencia,,218843,33978
Oviedo,43.3600,-5.8450,Spain,ES,Asturias,admin,217552,215167
Cartagena,37.6000,-0.9819,Spain,ES,Murcia,,216961,216961
Sabadell,41.5483,2.1075,Spain,ES,Catalonia,,216204,215760
Jerez de la Frontera,36.6817,-6.1378,Spain,ES,Andalusia,,212801,212730
Móstoles,40.3333,-3.8667,Spain,ES,Madrid,,209639,208761
Santa Cruz,28.4667,-16.2500,Spain,ES,Canary Islands,admin,208688,208688
Pamplona,42.8167,-1.6500,Spain,ES,Navarre,admin,203418,203418
Almería,36.8403,-2.4681,Spain,ES,Andalusia,minor,200753,199237
Alcalá de Henares,40.4818,-3.3643,Spain,ES,Madrid,,196888,196888
Fuenlabrada,40.2833,-3.8000,Spain,ES,Madrid,,192233,189891
Donostia,43.3200,-1.9800,Spain,ES,Basque Country,minor,188102,187849
Leganés,40.3281,-3.7644,Spain,ES,Madrid,,187762,186660
Getafe,40.3047,-3.7311,Spain,ES,Madrid,,183219,183219
Burgos,42.3408,-3.6997,Spain,ES,Castille-Leon,minor,174051,173483
Albacete,38.9956,-1.8558,Spain,ES,Castille-La Mancha,minor,172722,172357
Castellón de la Plana,39.9831,-0.0331,Spain,ES,Valencia,minor,172589,171857
Santander,43.4628,-3.8050,Spain,ES,Cantabria,admin,172221,171693
Alcorcón,40.3500,-3.8333,Spain,ES,Madrid,,170817,170296
Guadalajara,40.6337,-3.1674,Spain,ES,Castille-La Mancha,minor,161683,87452
La Laguna,28.4853,-16.3167,Spain,ES,Canary Islands,,158010,157815
Logroño,42.4650,-2.4456,Spain,ES,La Rioja,admin,150808,150020
Marbella,36.5167,-4.8833,Spain,ES,Andalusia,,150725,150725
Badajoz,38.8803,-6.9753,Spain,ES,Extremadura,minor,150610,150146
Salamanca,40.9650,-5.6642,Spain,ES,Castille-Leon,minor,143269,142412
Huelva,37.2500,-6.9500,Spain,ES,Andalusia,minor,142538,141854
Lleida,41.6167,0.6333,Spain,ES,Catalonia,minor,140797,140797
Dos Hermanas,37.2836,-5.9222,Spain,ES,Andalusia,,137561,137561
Tarragona,41.1187,1.2453,Spain,ES,Catalonia,minor,135436,134883
Torrejón de Ardoz,40.4614,-3.4978,Spain,ES,Madrid,,134733,134733
Parla,40.2372,-3.7742,Spain,ES,Madrid,,131689,130577
Mataró,41.5333,2.4500,Spain,ES,Catalonia,,129120,128956
Algeciras,36.1275,-5.4539,Spain,ES,Andalusia,,122982,122368
León,42.6056,-5.5700,Spain,ES,Castille-Leon,minor,122051,120951
Alcobendas,40.5333,-3.6333,Spain,ES,Madrid,,117041,117041
Cádiz,36.5350,-6.2975,Spain,ES,Andalusia,minor,114244,113066
Jaén,37.7667,-3.7711,Spain,ES,Andalusia,minor,111932,111669
Reus,41.1549,1.1087,Spain,ES,Catalonia,,106741,106741
Ourense,42.3364,-7.8633,Spain,ES,Galicia,minor,104596,103756
Roquetas de Mar,36.7642,-2.6147,Spain,ES,Andalusia,,102881,102881
Telde,27.9985,-15.4167,Spain,ES,Canary Islands,,102769,102472
Girona,41.9833,2.8167,Spain,ES,Catalonia,minor,102666,102666
San Vicente de Baracaldo,43.2972,-2.9917,Spain,ES,Basque Country,,100907,100535
Santiago de Compostela,42.8778,-8.5444,Spain,ES,Galicia,admin,98179,98179
San Cugat del Vallés,41.4735,2.0852,Spain,ES,Catalonia,,95725,95725
Las Rozas de Madrid,40.4917,-3.8733,Spain,ES,Madrid,,95725,95725
San Fernando,36.4667,-6.2000,Spain,ES,Andalusia,,94867,94120
San Sebastián de los Reyes,40.5469,-3.6258,Spain,ES,Madrid,,91083,91083
Ciudad de Melilla,35.2825,-2.9475,Spain,ES,Melilla,,86261,85170
Toledo,39.8567,-4.0244,Spain,ES,Castille-La Mancha,admin,85449,85085
Torrente,39.4365,-0.4679,Spain,ES,Valencia,,85142,85142
San Baudilio de Llobregat,41.3458,2.0417,Spain,ES,Catalonia,,83755,83371
Torrevieja,37.9778,-0.6833,Spain,ES,Valencia,,83547,83547
Ciudad de Ceuta,35.8867,-5.3000,Spain,ES,Ceuta,,83517,83117
Fuengirola,36.5417,-4.6250,Spain,ES,Andalusia,,83226,83226
Arona,28.0996,-16.6809,Spain,ES,Canary Islands,,82982,82982
Valdemoro,40.1908,-3.6742,Spain,ES,Madrid,,79100,79100
Rubí,41.4933,2.0325,Spain,ES,Catalonia,,79007,79007
Manresa,41.7264,1.8292,Spain,ES,Catalonia,,78192,77452
Avilés,43.5561,-5.9083,Spain,ES,Asturias,,76874,75877
Gandía,38.9667,-0.1833,Spain,ES,Valencia,,75970,75911
Benalmádena,36.6000,-4.5167,Spain,ES,Andalusia,,73160,73160
Majadahonda,40.4728,-3.8722,Spain,ES,Madrid,,72179,72179
Paterna,39.5028,-0.4406,Spain,ES,Valencia,,71880,71880
Benidorm,38.5342,-0.1314,Spain,ES,Valencia,,69738,69738
Torremolinos,36.6218,-4.5003,Spain,ES,Andalusia,,68819,68819
Villanueva y Geltrú,41.2243,1.7259,Spain,ES,Catalonia,,68152,68152
Castelldefels,41.2800,1.9767,Spain,ES,Catalonia,,67307,67307
Viladecáns,41.3158,2.0194,Spain,ES,Catalonia,,66720,66720
El Prat de Llobregat,41.3246,2.0953,Spain,ES,Catalonia,,65532,65030
Arrecife,28.9625,-13.5506,Spain,ES,Canary Islands,,64497,63750
Collado-Villalba,40.6333,-4.0083,Spain,ES,Madrid,,64263,64263
La Línea de la Concepción,36.1611,-5.3486,Spain,ES,Andalusia,,63365,63271
Irún,43.3378,-1.7888,Spain,ES,Basque Country,,62933,62635
Boadilla del Monte,40.4069,-3.8750,Spain,ES,Madrid,,62627,62627
Granollers,41.6083,2.2889,Spain,ES,Catalonia,,62475,61983
Mérida,38.9000,-6.3333,Spain,ES,Extremadura,admin,59424,59324
San Vicente del Raspeig,38.3964,-0.5253,Spain,ES,Valencia,,59138,59138
Elda,38.4789,-0.7967,Spain,ES,Valencia,,52551,52297
Mollet,41.5356,2.2107,Spain,ES,Catalonia,,51294,51294
Torrelavega,43.3531,-4.0458,Spain,ES,Cantabria,,51237,51142
Ibiza,38.9089,1.4328,Spain,ES,Balearic Islands,,50715,50715
Rincón de la Victoria,36.7167,-4.2833,Spain,ES,Andalusia,,50569,50569
Vich,41.9304,2.2546,Spain,ES,Catalonia,,47545,47545
Mairena del Aljarafe,37.3333,-6.0667,Spain,ES,Andalusia,,47161,47161
Figueras,42.2667,2.9650,Spain,ES,Catalonia,,47088,47088
Gavá,41.3072,2.0039,Spain,ES,Catalonia,,46974,46974
Esplugas de Llobregat,41.3767,2.0858,Spain,ES,Catalonia,,46777,46414
Santurce-Antiguo,43.3303,-3.0314,Spain,ES,Basque Country,,46085,45749
San Felíu de Llobregat,41.3833,2.0439,Spain,ES,Catalonia,,45642,45642
Portugalete,43.3194,-3.0194,Spain,ES,Basque Country,,45285,44800
Mislata,39.4750,-0.4156,Spain,ES,Valencia,,44320,44282
Alcantarilla,37.9722,-1.2094,Spain,ES,Murcia,,42630,42630
Igualada,41.5814,1.6208,Spain,ES,Catalonia,,40875,40767
Blanes,41.6740,2.7921,Spain,ES,Catalonia,,40579,40579
Villafranca del Panadés,41.3447,1.6994,Spain,ES,Catalonia,,40056,40056
San Fernando de Henares,40.4256,-3.5353,Spain,ES,Madrid,,39313,38904
Vendrell,41.2201,1.5348,Spain,ES,Catalonia,,39072,39072
Burjasot,39.5064,-0.4067,Spain,ES,Valencia,,38880,38880
Arucas,28.1184,-15.5232,Spain,ES,Canary Islands,,38535,38369
Ripollet,41.4969,2.1574,Spain,ES,Catalonia,,38347,38347
San Adrián de Besós,41.4305,2.2183,Spain,ES,Catalonia,,37283,36918
Moncada,41.4867,2.1879,Spain,ES,Catalonia,,36794,36666
Olot,42.1822,2.4890,Spain,ES,Catalonia,,36716,36716
Cambrils,41.0670,1.0564,Spain,ES,Catalonia,,35675,35675
Azuqueca de Henares,40.5647,-3.2681,Spain,ES,Castille-La Mancha,,35236,35182
Arroyomolinos,40.2667,-3.9000,Spain,ES,Madrid,,34833,34833
Villajoyosa,38.5053,-0.2328,Spain,ES,Valencia,,34828,34828
San Juan Despí,41.3668,2.0570,Spain,ES,Catalonia,,34130,34039
Aldaya,39.4639,-0.4628,Spain,ES,Valencia,,32656,32656
Salt,41.9761,2.7881,Spain,ES,Catalonia,,32517,32517
Manises,39.4833,-0.4500,Spain,ES,Valencia,,31287,31170
Durango,43.1689,-2.6300,Spain,ES,Basque Country,,29935,29609
Alacuás,39.4583,-0.4628,Spain,ES,Valencia,,29649,29537
Calafell,41.2004,1.5693,Spain,ES,Catalonia,,29102,29102
Salou,41.0796,1.1316,Spain,ES,Catalonia,,29028,29028
Martorell,41.4744,1.9305,Spain,ES,Catalonia,,28684,28684
Catarroja,39.4028,-0.4044,Spain,ES,Valencia,,28679,28679
Premiá de Mar,41.4920,2.3620,Spain,ES,Catalonia,,28523,28518
San Vicente dels Horts,41.3932,2.0097,Spain,ES,Catalonia,,28115,28079
Sestao,43.3108,-3.0056,Spain,ES,Basque Country,,27533,27533
Camas,37.4020,-6.0332,Spain,ES,Andalusia,,27490,27443
San Andrés de la Barca,41.4478,1.9769,Spain,ES,Catalonia,,27175,26965
San Pedro del Pinatar,37.8167,-0.7500,Spain,ES,Murcia,,26827,26827
Paiporta,39.4278,-0.4183,Spain,ES,Valencia,,26567,26567
Molíns de Rey,41.4139,2.0158,Spain,ES,Catalonia,,26242,26242
Santa Perpetua de Moguda,41.5375,2.1819,Spain,ES,Catalonia,,26033,25930
Tomares,37.3764,-6.0458,Spain,ES,Andalusia,,25370,25341
Alboraya,39.5000,-0.3522,Spain,ES,Valencia,,25149,25149
Torrelodones,40.5756,-3.9292,Spain,ES,Madrid,,24775,24775
Armilla,37.1500,-3.6167,Spain,ES,Andalusia,,24629,24629
Erandio,43.3047,-2.9731,Spain,ES,Basque Country,,24489,24446
San Juan de Alicante,38.4014,-0.4367,Spain,ES,Valencia,,24450,24450
Olesa de Montserrat,41.5450,1.8944,Spain,ES,Catalonia,,24272,24272
Calpe,38.6450,0.0442,Spain,ES,Valencia,,24096,24096
Mejorada del Campo,40.3967,-3.3858,Spain,ES,Madrid,,23897,23897
Zarautz,43.2833,-2.1667,Spain,ES,Basque Country,,23271,23101
Vilaseca de Solcina,41.1110,1.1450,Spain,ES,Catalonia,,22681,22681
Bormujos,37.3667,-6.0667,Spain,ES,Andalusia,,22536,22536
Maracena,37.2000,-3.6333,Spain,ES,Andalusia,,22358,22293
San Felíu de Guixols,41.7806,3.0306,Spain,ES,Catalonia,,22210,22149
San Juan de Aznalfarache,37.3667,-6.0167,Spain,ES,Andalusia,,22138,22138
Moncada,39.5456,-0.3956,Spain,ES,Valencia,,21913,21913
Alfafar,39.4222,-0.3906,Spain,ES,Valencia,,21480,21480
San Juan de Vilasar,41.5053,2.3928,Spain,ES,Catalonia,,21067,21067
Palafrugell,41.9174,3.1631,Spain,ES,Catalonia,,21049,21049
Manlleu,42.0000,2.2836,Spain,ES,Catalonia,,20883,20883
Puzol,39.6167,-0.3011,Spain,ES,Valencia,,20191,20191
Bañolas,42.1194,2.7664,Spain,ES,Catalonia,,20187,20187
Barañáin,42.8000,-1.6667,Spain,ES,Navarre,,19853,19537
Humanes de Madrid,40.2539,-3.8278,Spain,ES,Madrid,,19838,19838
Sant Just Desvern,41.3833,2.0750,Spain,ES,Catalonia,,19806,19806
Archena,38.1150,-1.2992,Spain,ES,Murcia,,19622,19622
Calella,41.6169,2.6642,Spain,ES,Catalonia,,19363,19363
La Corredoría,43.3853,-5.8208,Spain,ES,Asturias,,19191,19191
Malgrat de Mar,41.6456,2.7428,Spain,ES,Catalonia,,19093,19093
Utebo,41.7141,-0.9944,Spain,ES,Aragon,,18881,18881
Cardedeu,41.6406,2.3594,Spain,ES,Catalonia,,18785,18785
Palamós,41.8458,3.1289,Spain,ES,Catalonia,,18196,18145
El Astillero,43.4017,-3.8194,Spain,ES,Cantabria,,18153,18153
Castilleja de la Cuesta,37.3833,-6.0500,Spain,ES,Andalusia,,17366,17230
Torredembarra,41.1457,1.3957,Spain,ES,Catalonia,,17256,17256
Guernica y Luno,43.3167,-2.6667,Spain,ES,Basque Country,,17093,16855
Canovellas,41.6176,2.2814,Spain,ES,Catalonia,,16872,16761
Albal,39.3972,-0.4156,Spain,ES,Valencia,,16845,16845
Montornés del Vallés,41.5444,2.2670,Spain,ES,Catalonia,,16804,16707
Cubellas,41.2100,1.6736,Spain,ES,Catalonia,,16386,16386
Masamagrell,39.5703,-0.3300,Spain,ES,Valencia,,16223,16223
Arenys de Mar,41.5819,2.5503,Spain,ES,Catalonia,,16155,16155
Churriana de la Vega,37.1500,-3.6500,Spain,ES,Andalusia,,16026,16026
Ermúa,43.1875,-2.5008,Spain,ES,Basque Country,,15791,15589
Benetúser,39.4250,-0.3961,Spain,ES,Valencia,,15493,15493
Alpedrete,40.6583,-4.0322,Spain,ES,Madrid,,15006,15006
Canet de Mar,41.5911,2.5828,Spain,ES,Catalonia,,14845,14845
Mollerusa,41.6317,0.8961,Spain,ES,Catalonia,,14730,14730
Torelló,42.0492,2.2629,Spain,ES,Catalonia,,14726,14726
Santa Marta de Tormes,40.9494,-5.6325,Spain,ES,Castille-Leon,,14661,14661
Sopelana,43.3814,-2.9792,Spain,ES,Basque Country,,14635,14635
Ogíjares,37.1167,-3.6000,Spain,ES,Andalusia,,14627,14627
Cunit,41.1976,1.6345,Spain,ES,Catalonia,,14622,14622
Cuarte de Huerva,41.5833,-0.9167,Spain,ES,Aragon,,14169,14169
Gines,37.3875,-6.0781,Spain,ES,Andalusia,,13529,13507
La Llagosta,41.5156,2.1928,Spain,ES,Catalonia,,13259,13155
Godella,39.5200,-0.4114,Spain,ES,Valencia,,13050,13050
Vilanova del Camí,41.5733,1.6381,Spain,ES,Catalonia,,12736,12699
Ceuti,38.0789,-1.2722,Spain,ES,Murcia,,12391,12391
Mongat,41.4667,2.2790,Spain,ES,Catalonia,,12277,12277
Huétor Vega,37.1500,-3.5667,Spain,ES,Andalusia,,12120,12089
Picaña,39.4361,-0.4350,Spain,ES,Valencia,,11692,11665
Pallejá,41.4242,1.9978,Spain,ES,Catalonia,,11636,11593
Peligros,37.2333,-3.6333,Spain,ES,Andalusia,,11624,11624
San Andrés de Llevaneras,41.5733,2.4828,Spain,ES,Catalonia,,11593,11593
Beniel,38.0464,-1.0014,Spain,ES,Murcia,,11578,11578
Meliana,39.5272,-0.3492,Spain,ES,Valencia,,10926,10881
Berriozar,42.8361,-1.6714,Spain,ES,Navarre,,10765,10765
Sedaví,39.4271,-0.3849,Spain,ES,Valencia,,10349,10349
Gelves,37.3333,-6.0167,Spain,ES,Andalusia,,10317,10317
Alella,41.4953,2.2958,Spain,ES,Catalonia,,10079,10079
Garrucha,37.1842,-1.8214,Spain,ES,Andalusia,,10027,10027
Torrejón de la Calzada,40.2000,-3.8000,Spain,ES,Madrid,,9947,9947
Masanasa,39.4083,-0.3989,Spain,ES,Valencia,,9929,9929
Tabernes Blanques,39.5064,-0.3626,Spain,ES,Valencia,,9222,9222
Tiana,41.4831,2.2697,Spain,ES,Catalonia,,9110,9110
Reinosa,43.0019,-4.1378,Spain,ES,Cantabria,,8810,8660
Montmeló,41.5547,2.2500,Spain,ES,Catalonia,,8798,8793
Colindres,43.3967,-3.4483,Spain,ES,Cantabria,,8512,8512
Santiponce,37.4353,-6.0433,Spain,ES,Andalusia,,8507,8507
Ortuella,43.3103,-3.0569,Spain,ES,Basque Country,,8466,8466
Ondárroa,43.3219,-2.4194,Spain,ES,Basque Country,,8326,8246
Santa Coloma de Cervelló,41.3687,2.0175,Spain,ES,Catalonia,,8309,8309
Cabrils,41.5283,2.3692,Spain,ES,Catalonia,,7729,7729
Cúllar-Vega,37.1531,-3.6706,Spain,ES,Andalusia,,7719,7681
Rocafort,39.5306,-0.4100,Spain,ES,Valencia,,7603,7603
Foyos,39.5386,-0.3567,Spain,ES,Valencia,,7502,7496
Almácera,39.5117,-0.3561,Spain,ES,Valencia,,7482,7482
Lekeitio,43.3622,-2.4961,Spain,ES,Basque Country,,7271,7178
Bigastro,38.0631,-0.8956,Spain,ES,Valencia,,7130,7130
Canet de Berenguer,39.6794,-0.2206,Spain,ES,Valencia,,6942,6942
Villanueva del Ariscal,37.3833,-6.1333,Spain,ES,Andalusia,,6715,6715
Teyá,41.4986,2.3242,Spain,ES,Catalonia,,6635,6635
Roda del Ter,41.9801,2.3091,Spain,ES,Catalonia,,6555,6555
Nazaret,39.4481,-0.3335,Spain,ES,Valencia,,6117,6117
Navarcles,41.7532,1.9034,Spain,ES,Catalonia,,6068,6067
Cájar,37.1333,-3.5667,Spain,ES,Andalusia,,5389,5389
Capellades,41.5319,1.6867,Spain,ES,Catalonia,,5344,5344
Sarriá de Ter,42.0181,2.8261,Spain,ES,Catalonia,,5294,5294
Bellreguart,38.9464,-0.1625,Spain,ES,Valencia,,4713,4713
Rafal,38.1047,-0.8492,Spain,ES,Valencia,,4634,4634
Formentera de Segura,38.0833,-0.7500,Spain,ES,Valencia,,4446,4446
Hostalrich,41.7481,2.6361,Spain,ES,Catalonia,,4370,4370
Jun,37.2167,-3.6000,Spain,ES,Andalusia,,3991,3991
Bonrepós y Mirambell,39.5206,-0.3650,Spain,ES,Valencia,,3831,3831
San Hipólito de Voltregá,42.0172,2.2389,Spain,ES,Catalonia,,3644,3644
Vinalesa,39.5406,-0.3700,Spain,ES,Valencia,,3525,3525
Alfara del Patriarca,39.5436,-0.3850,Spain,ES,Valencia,,3315,3315
Caldas de Estrach,41.5719,2.5286,Spain,ES,Catalonia,,3148,3148
Fuente de San Luis,39.4442,-0.3675,Spain,ES,Valencia,,3032,3032
Castilleja de Guzmán,37.4000,-6.0500,Spain,ES,Andalusia,,2866,2866
Masalfasar,39.5611,-0.3250,Spain,ES,Valencia,,2587,2587
Almoines,38.9433,-0.1822,Spain,ES,Valencia,,2528,2473
Benisanó,39.6133,-0.5753,Spain,ES,Valencia,,2345,2345
Benirredrá,38.9611,-0.1919,Spain,ES,Valencia,,1548,1548
El Puente del Arzobispo,39.8000,-5.1667,Spain,ES,Castille-La Mancha,,1190,1153
Palmera,38.9417,-0.1517,Spain,ES,Valencia,,1040,1040
Hortaleza,40.4667,-3.6333,Spain,ES,Madrid,,1039,1039
